Date,Team,Pitcher,Open,Close,OpenOU,CloseOU
723,NYY,GCOLE-R,-126,-170,7,7.5
723,WAS,MSCHERZER-R,114,160,7,7.5
723,SFO,JCUETO-R,264,250,8,9
723,LAD,DMAY-R,-300,-290,8,9
724,ATL,MSOROKA-R,110,157,8,7.5
724,NYM,JDEGROM-R,-130,-167,8,7.5
724,DET,MBOYD-L,-200,163,8,9
724,CIN,SGRAY-R,170,-176,8,9
724,TOR,HRYU-L,-140,135,8.5,7.5
724,TAM,CMORTON-R,120,-145,8.5,7.5
724,MIA,SALCANTARA-R,-175,185,8,9
724,PHI,ANOLA-R,151,-205,8,9
724,KAN,DDUFFY-L,115,205,8,9
724,CLE,SBIEBER-R,-135,-225,8,9
724,MIL,BWOODRUFF-R,-140,105,8,8.5
724,CUB,KHENDRICKS-R,120,-115,8,8.5
724,BAL,TMILONE-L,166,195,9.5,10
724,BOS,NEOVALDI-R,-185,-215,9.5,10
724,COL,GMARQUEZ-R,-140,-105,8,9
724,TEX,LLYNN-R,120,-105,8,9
724,MIN,JBERRIOS-R,-160,-117,8.5,9
724,CWS,LGIOLITO-R,140,107,8.5,9
724,PIT,JMUSGROVE-R,-110,165,8.5,8
724,STL,JFLAHERTY-R,-110,-180,8.5,8
724,SEA,MGONZALES-L,120,250,8.5,8.5
724,HOU,JVERLANDER-R,-140,-290,8.5,8.5
724,ARI,MBUMGARNER-L,-140,130,8.5,8
724,SDG,CPADDACK-R,120,-140,8.5,8
724,SFO,TANDERSON-L,213,285,8.5,9
724,LAD,RSTRIPLING-R,-240,-330,8.5,9
724,LAA,AHEANEY-L,-140,136,8.5,8.5
724,OAK,FMONTAS-R,120,-146,8.5,8.5
725,MIL,CBURNES-R,131,140,9.5,9.5
725,CUB,YDARVISH-R,-145,-150,9.5,9.5
725,BAL,ACOBB-R,157,180,10.5,10.5
725,BOS,MPEREZ-L,-175,-200,10.5,10.5
725,MIN,RDOBNAK-R,-125,-110,9.5,10
725,CWS,DKEUCHEL-L,114,100,9.5,10
725,PIT,TWILLIAMS-R,144,141,9,9
725,STL,AWAINWRIGHT-R,-160,-151,9,9
725,TOR,MSHOEMAKER-R,135,135,8.5,8.5
725,TAM,RYARBROUGH-L,-155,-145,8.5,8.5
725,MIA,CSMITH-L,160,170,9,9
725,PHI,ZWHEELER-R,-185,-185,9,9
725,COL,JGRAY-R,-115,110,9,8.5
725,TEX,MMINOR-L,-105,-120,9,8.5
725,SEA,TWALKER-R,215,260,9.5,9.5
725,HOU,LMCCULLERSJR-R,-260,-300,9.5,9.5
725,LAA,DBUNDY-R,151,114,9,8.5
725,OAK,SMANAEA-L,-175,-124,9,8.5
725,SFO,LWEBB-R,245,320,5.5,9.5
725,LAD,AWOOD-L,-300,-380,5.5,9.5
725,ATL,MFRIED-L,100,-116,9,9
725,NYM,SMATZ-L,-120,106,9,9
725,DET,INOVA-R,170,245,9,9
725,CIN,LCASTILLO-R,-200,-280,9,9
725,KAN,BSINGER-R,207,230,9,9
725,CLE,MCLEVINGER-R,-250,-260,9,9
725,NYY,JPAXTON-L,-120,-220,8.5,10
725,WAS,EFEDDE-R,100,200,8.5,10
725,ARI,RRAY-L,100,118,8.5,8
725,SDG,DLAMET-R,-120,-128,8.5,8
726,MIA,RDUGGER-R,140,185,9,9.5
726,PHI,VVELASQUEZ-R,-155,-205,9,9.5
726,NYY,JLOAISIGA-R,-110,-120,10,10
726,WAS,PCORBIN-L,100,110,10,10
726,TOR,THATCH-R,170,170,8,8
726,TAM,BSNELL-L,-200,-185,8,8
726,DET,STURNBULL-R,213,177,9,9.5
726,CIN,TBAUER-R,-240,-194,9,9.5
726,KAN,RBOLANOS-R,213,200,9,9
726,CLE,CCARRASCO-R,-240,-220,9,9
726,BAL,WLEBLANC-L,170,178,11,11
726,BOS,RWEBER-R,-190,-196,11,11
726,MIN,KMAEDA-R,-120,-150,10.5,10
726,CWS,RLOPEZ-R,110,140,10.5,10
726,SEA,YKIKUCHI-L,304,235,9,9
726,HOU,ZGREINKE-R,-350,-265,9,9
726,PIT,MKELLER-R,188,130,9,9
726,STL,DHUDSON-R,-210,-140,9,9
726,MIL,FPERALTA-R,-115,-105,11,11.5
726,CUB,TCHATWOOD-R,-105,-105,11,11.5
726,COL,KFREELAND-L,157,130,9,8.5
726,TEX,CKLUBER-R,-175,-140,9,8.5
726,LAA,SOHTANI-R,-115,100,9,9
726,OAK,MFIERS-R,105,-110,9,9
726,ARI,ZGALLEN-R,105,115,8.5,8
726,SDG,GRICHARDS-R,-125,-125,8.5,8
726,ATL,SNEWCOMB-L,-115,-105,9,9.5
726,NYM,RPORCELLO-R,-105,-105,9,9.5
726,SFO,DSMYLY-L,304,270,9,9
726,LAD,JURIAS-L,-350,-310,9,9
727,LAA,GCANNING-R,105,110,9,9
727,OAK,CBASSITT-R,-125,-120,9,9
727,ARI,LWEAVER-R,118,107,7.5,8.5
727,SDG,JLUCCHESI-L,-131,-117,7.5,8.5
727,TOR,TTHORNTON-R,144,110,10,10.5
727,WAS,ASANCHEZ-R,-165,-120,10,10.5
727,CUB,JLESTER-L,100,-115,9.5,10
727,CIN,WMILEY-L,-120,105,9.5,10
727,ATL,MFOLTYNEWICZ-R,130,130,8.5,8
727,TAM,TGLASNOW-R,-150,-140,8.5,8
727,MIL,AHOUSER-R,-135,-168,9,9.5
727,PIT,SBRAULT-L,115,158,9,9.5
727,SEA,KGRAVEMAN-R,226,210,9.5,9
727,HOU,JJAMES-R,-275,-240,9.5,9
727,KAN,MMONTGOMERY-L,115,107,9.5,9.5
727,DET,MFULMER-R,-135,-117,9.5,9.5
727,NYM,MWACHA-R,100,-113,10.5,11.5
727,BOS,JOSICH-L,-110,103,10.5,11.5
728,TOR,TROARK-R,115,129,10.5,10
728,WAS,AVOTH-R,-135,-139,10.5,10
728,ATL,KWRIGHT-R,125,120,9,8.5
728,TAM,YCHIRINOS-R,-145,-130,9,8.5
728,CUB,AMILLS-R,-110,119,10,10.5
728,CIN,TMAHLE-R,-110,-129,10,10.5
728,MIL,JLINDBLOM-R,-145,-180,9.5,10
728,PIT,DHOLLAND-L,125,165,9.5,10
728,CWS,CRODON-L,-105,118,9.5,10.5
728,CLE,APLUTKO-R,-115,-128,9.5,10.5
728,KAN,KZIMMER-R,100,-105,10.5,10.5
728,DET,RGARCIA-R,-110,-105,10.5,10.5
728,NYM,DPETERSON-L,-115,-112,11.5,11.5
728,BOS,MHALL-L,105,102,11.5,11.5
728,STL,CMARTINEZ-R,115,132,10,10.5
728,MIN,HBAILEY-R,-135,-142,10,10.5
728,ARI,MKELLY-R,100,-106,9.5,9
728,TEX,KGIBSON-R,-120,-104,9.5,9
728,LAD,WBUEHLER-R,-145,-144,9,10
728,HOU,FVALDEZ-L,125,134,9,10
728,SEA,JSHEFFIELD-L,155,170,9,9
728,LAA,PSANDOVAL-L,-180,-185,9,9
728,COL,ASENZATELA-R,-145,148,10,9.5
728,OAK,DMENGDEN-R,125,-158,10,9.5
728,SDG,ZDAVIES-R,-150,-148,8,9
728,SFO,JSAMARDZIJA-R,135,138,8,9
728,CWS,DCEASE-R,135,119,9.5,9
728,CLE,ACIVALE-R,-150,-129,9.5,9
729,COL,GMARQUEZ-R,110,127,9,8
729,OAK,FMONTAS-R,-130,-137,9,8
729,ARI,MBUMGARNER-L,120,110,8.5,8
729,TEX,LLYNN-R,-140,-120,8.5,8
729,CWS,LGIOLITO-R,-110,-114,9,9.5
729,CLE,ZPLESAC-R,-110,104,9,9.5
729,WAS,MSCHERZER-R,-165,-174,9,8.5
729,TOR,NPEARSON-R-L,144,162,9,8.5
729,CUB,KHENDRICKS-R,105,100,9.5,9
729,CIN,SGRAY-R,-125,-110,9.5,9
729,MIL,BWOODRUFF-R,-175,-143,9,8.5
729,PIT,JMUSGROVE-R,151,133,9,8.5
729,LAD,DMAY-R,-130,-140,10,10
729,HOU,CJAVIER-R,118,130,10,10
729,BOS,NEOVALDI-R,170,180,8,7.5
729,NYM,JDEGROM-R,-200,-200,8,7.5
729,TAM,CMORTON-R,120,115,8.5,8.5
729,ATL,MSOROKA-R,-140,-125,8.5,8.5
729,KAN,DDUFFY-L,110,110,9,9.5
729,DET,MBOYD-L,-130,-120,9,9.5
729,STL,DPONCEDELEON-R,130,146,10,10
729,MIN,RHILL-L,-150,-156,10,10
729,SDG,CPADDACK-R,-165,-180,7.5,7.5
729,SFG,JCUETO-R,144,165,7.5,7.5
729,SEA,JDUNN-R,160,240,9,9
729,LAA,AHEANEY-L,-185,-270,9,9
729,NYY,GCOLE-R,-350,-360,9,9
729,BAL,AWOJCIECHOWSKI-R,304,310,9,9
730,WAS,EFEDDE-R,118,140,9,9.5
730,TOR,HRYU-L,-131,-150,9,9.5
730,KAN,BSINGER-R,-110,-149,10,9.5
730,DET,INOVA-R,-110,139,10,9.5
730,TAM,RYARBROUGH-L,110,139,8.5,9
730,ATL,MFRIED-L,-130,-149,8.5,9
730,BOS,MPEREZ-L,148,152,9,9.5
730,NYM,SMATZ-L,-170,-162,9,9.5
730,CLE,SBIEBER-R,-115,113,9,8.5
730,MIN,JBERRIOS-R,-105,-123,9,8.5
730,LAD,RSTRIPLING-R,-161,-157,9,9.5
730,ARI,RRAY-L,141,147,9,9.5
730,SEA,MGONZALES-L,172,163,9,9
730,LAA,DBUNDY-R,-205,-175,9,9
730,SDG,DLAMET-R,-170,-160,8.5,8
730,SFO,UNDECIDED,148,150,8.5,8
730,NYY,JHAPP-L,-210,-240,10,11
730,BAL,JMEANS-L,176,210,10,11
731,TAM,BSNELL-L,-220,-188,9.5,8.5
731,BAL,ACOBB-R,196,173,9.5,8.5
731,BOS,RWEBER-R,213,165,10.5,10.5
731,NYY,JMONTGOMERY-L,-240,-180,10.5,10.5
731,CIN,LCASTILLO-R,-145,-170,9,8.5
731,DET,STURNBULL-R,131,160,9,8.5
731,NYM,RPORCELLO-R,135,117,10,10.5
731,ATL,SNEWCOMB-L,-150,-127,10,10.5
731,CWS,DKEUCHEL-L,-140,-160,10,9.5
731,KAN,KBUBIC-L,126,150,10,9.5
731,CLE,MCLEVINGER-R,-126,-114,8.5,9
731,MIN,RDOBNAK-R,114,104,8.5,9
731,SDG,GRICHARDS-R,110,-108,11.5,11.5
731,COL,JGRAY-R,-120,-102,11.5,11.5
731,PIT,TWILLIAMS-R,162,180,8.5,8.5
731,CUB,YDARVISH-R,-180,-200,8.5,8.5
731,HOU,LMCCULLERSJR-R,-150,-180,9.5,9.5
731,LAA,MANDRIESE-R,135,165,9.5,9.5
731,TEX,MMINOR-L,-155,-122,8,8
731,SFO,LWEBB-R,140,112,8,8
731,LAD,TGONSOLIN-R,-140,-122,9.5,9.5
731,ARI,ZGALLEN-R,126,112,9.5,9.5
731,OAK,SMANAEA-L,-175,-194,9,9.5
731,SEA,TWALKER-R,157,177,9,9.5
801,CWS,GGONZALEZ-L,-135,-135,10,10.5
801,KAN,RBOLANOS-R,115,125,10,10.5
801,TAM,TGLASNOW-R,-220,-240,9,9
801,BAL,WLEBLANC-L,184,210,9,9
801,CLE,CCARRASCO-R,100,116,9,8.5
801,MIN,KMAEDA-R,-120,-126,9,8.5
801,NYM,MWACHA-R,105,103,10,10.5
801,ATL,TTOUSSAINT-R,-125,-113,10,10.5
801,HOU,ZGREINKE-R,-165,-145,9,9
801,LAA,GCANNING-R,144,135,9,9
801,BOS,ZGODLEY-R,207,170,10,10
801,NYY,MTANAKA-R,-250,-185,10,10
801,LAD,JURIAS-L,-145,-155,9.5,9.5
801,ARI,LWEAVER-R,125,145,9.5,9.5
801,SDG,JLUCCHESI-L,-110,-110,12,12.5
801,COL,KFREELAND-L,-110,100,12,12.5
801,PIT,MKELLER-R,160,165,9,9
801,CUB,TCHATWOOD-R,-185,-180,9,9
801,OAK,MFIERS-R,-155,-148,9.5,9.5
801,SEA,YKIKUCHI-L,135,138,9.5,9.5
801,TEX,JLYLES-R,-130,113,8.5,8.5
801,SFO,DSMYLY-L,110,-123,8.5,8.5
802,TAM,YCHIRINOS-R,-190,-200,10,9.5
802,BAL,TMILONE-L,163,180,10,9.5
802,CIN,ADESCLAFANI-R,-160,-150,9.5,7.5
802,DET,RGARCIA-R,140,140,9.5,7.5
802,NYM,DPETERSON-L,-110,105,11,11
802,ATL,KWRIGHT-R,-110,-115,11,11
802,CWS,DCEASE-R,-121,-120,10.5,9.5
802,KAN,JJUNIS-R,110,110,10.5,9.5
802,CLE,ACIVALE-R,-105,104,9.5,9
802,MIN,TCLIPPARD-R,-115,-114,9.5,9
802,PIT,SBRAULT-L,180,165,9,9
802,CUB,JLESTER-L,-215,-180,9,9
802,SDG,ZDAVIES-R,-135,-117,13,13
802,COL,ASENZATELA-R,115,107,13,13
802,TEX,KALLARD-L,-105,100,9,9
802,SFO,JSAMARDZIJA-R,-115,-110,9,9
802,HOU,JJAMES-R,-120,-145,10,10
802,LAA,SOHTANI-R,100,135,10,10
802,LAD,CKERSHAW-L,-160,-185,9,9
802,ARI,MKELLY-R,140,170,9,9
802,OAK,CBASSITT-R,-155,-160,9.5,9
802,SEA,KGRAVEMAN-R,140,150,9.5,9
802,BOS,ABRICE-R,213,200,9.5,10.5
802,NYY,JPAXTON-L,-240,-220,9.5,10.5
802,CIN,TBAUER-R,-175,-176,7,7
802,DET,DNORRIS-L,157,163,7,7
803,CLE,ZPLESAC-R,105,144,8.5,8
803,CIN,SGRAY-R,-125,-154,8.5,8
803,NYM,JDEGROM-R,-125,-126,7.5,8
803,ATL,MSOROKA-R,105,116,7.5,8
803,PIT,DHOLLAND-L,207,180,9.5,9.5
803,MIN,LTHORPE-L,-250,-200,9.5,9.5
803,CWS,CRODON-L,-105,106,9.5,9.5
803,MIL,BANDERSON-L,-105,-116,9.5,9.5
803,KAN,DDUFFY-L,140,139,8.5,8
803,CUB,AMILLS-R,-160,-149,8.5,8
803,SFO,JCUETO-R,135,115,12.5,13.5
803,COL,CGONZALEZ-R,-155,-125,12.5,13.5
803,OAK,FMONTAS-R,-175,-185,9,9
803,SEA,JSHEFFIELD-L,151,170,9,9
803,LAD,WBUEHLER-R,-130,-133,7.5,8
803,SDG,CPADDACK-R,110,123,7.5,8
803,PHI,JARRIETA-R,274,245,9,9
803,NYY,GCOLE-R,-340,-280,9,9
804,PIT,JMUSGROVE-R,184,177,9,8.5
804,MIN,JBERRIOS-R,-220,-194,9,8.5
804,CLE,SBIEBER-R,-175,-160,8,8
804,CIN,TMAHLE-R,151,150,8,8
804,BOS,NEOVALDI-R,140,125,8.5,8
804,TAM,CMORTON-R,-160,-135,8.5,8
804,NYM,SMATZ-L,130,150,9.5,8.5
804,WAS,PCORBIN-L,-150,-160,9.5,8.5
804,TOR,MSHOEMAKER-R,130,163,9,8.5
804,ATL,MFRIED-L,-150,-176,9,8.5
804,CWS,LGIOLITO-R,105,114,8.5,8
804,MIL,BWOODRUFF-R,-125,-124,8.5,8
804,KAN,BSINGER-R,176,195,8,8
804,CUB,KHENDRICKS-R,-210,-215,8,8
804,SFO,KGAUSMAN-R,180,160,13,11
804,COL,GMARQUEZ-R,-215,-170,13,11
804,TEX,LLYNN-R,115,150,8.5,7.5
804,OAK,JLUZARDO-L,-135,-160,8.5,7.5
804,LAD,DMAY-R,-135,-116,8.5,8
804,SDG,DLAMET-R,115,106,8.5,8
804,HOU,CJAVIER-R,-119,-130,9,9.5
804,ARI,MBUMGARNER-L,-101,120,9,9.5
804,LAA,AHEANEY-L,-175,-185,9,9
804,SEA,JDUNN-R,151,170,9,9
804,MIA,PLOPEZ-R,131,105,9.5,9
804,BAL,JMEANS-L,-145,-115,9.5,9
805,NYM,RPORCELLO-R,170,195,8.5,8.5
805,WAS,MSCHERZER-R,-200,-215,8.5,8.5
805,BOS,MPEREZ-L,148,130,8.5,8.5
805,TAM,RYARBROUGH-L,-170,-140,8.5,8.5
805,MIN,RDOBNAK-R,-175,-163,8.5,9.5
805,PIT,TWILLIAMS-R,151,153,8.5,9.5
805,CIN,TANTONE-R,105,152,8,8.5
805,CLE,MCLEVINGER-R,-125,-162,8,8.5
805,TOR,HRYU-L,130,108,9,9
805,ATL,SNEWCOMB-L,-150,-118,9,9
805,CUB,YDARVISH-R,-170,-198,9,9
805,KAN,KBUBIC-L,148,179,9,9
805,MIL,AHOUSER-R,130,122,9.5,8.5
805,CWS,DKEUCHEL-L,-150,-132,9.5,8.5
805,SFO,LWEBB-R,176,158,12.5,11.5
805,COL,JGRAY-R,-210,-168,12.5,11.5
805,TEX,KGIBSON-R,155,153,8.5,8
805,OAK,SMANAEA-L,-180,-163,8.5,8
805,LAD,RSTRIPLING-R,-140,-125,8.5,8
805,SDG,GRICHARDS-R,120,115,8.5,8
805,HOU,LMCCULLERSJR-R,-165,-145,9.5,9.5
805,ARI,RRAY-L,144,135,9.5,9.5
805,LAA,JTEHERAN-R,-160,-119,9,9
805,SEA,MGONZALES-L,140,109,9,9
805,PHI,ZWHEELER-R,130,105,8,7.5
805,NYY,JHAPP-L,-150,-115,8,7.5
805,NYY,JLOAISIGA-R,-125,-140,7,7.5
805,PHI,ANOLA-R,105,130,7,7.5
805,MIA,EHERNANDEZ-R,-105,104,7,7
805,BAL,ACOBB-R,-115,-114,7,7
805,BAL,AWOJCIECHOWSKI-R,-105,100,7.5,7.5
805,MIA,JSMITH-R,-115,-110,7.5,7.5
806,MIN,KMAEDA-R,-200,-215,9,8.5
806,PIT,JTBRUBAKER-R,170,195,9,8.5
806,SFO,TANDERSON-L,163,152,12.5,11.5
806,COL,KFREELAND-L,-190,-162,12.5,11.5
806,TEX,MMINOR-L,140,150,8.5,9
806,OAK,MFIERS-R,-160,-160,8.5,9
806,LAA,DBUNDY-R,-165,-155,9,8.5
806,SEA,TWALKER-R,144,145,9,8.5
806,CIN,LCASTILLO-R,105,103,8,7
806,CLE,CCARRASCO-R,-125,-113,8,7
806,TOR,NPEARSON-R-R,120,110,9,9
806,ATL,TTOUSSAINT-R,-140,-120,9,9
806,CUB,TCHATWOOD-R,-180,-165,9,9.5
806,KAN,BKELLER-R,155,155,9,9.5
806,HOU,BBIELAK-R,-140,105,9,9
806,ARI,ZGALLEN-R,120,-115,9,9
806,MIL,JLINDBLOM-R,125,100,9,9
806,CWS,GGONZALEZ-L,-145,-110,9,9
806,NYY,JMONTGOMERY-L,-165,-136,9.5,9.5
806,PHI,ZEFLIN-R,145,126,9.5,9.5
806,BAL,WLEBLANC-L,118,108,8.5,8.5
806,MIA,JYAMAMOTO-R,-131,-118,8.5,8.5
807,BAL,TMILONE-L,180,164,9,9
807,WAS,ASANCHEZ-R,-215,-178,9,9
807,NYY,MTANAKA-R,-115,-105,8.5,8
807,TAM,BSNELL-L,-105,-105,8.5,8
807,DET,MBOYD-L,-115,-107,8.5,8.5
807,PIT,CKUHL-R,-105,-103,8.5,8.5
807,MIA,HMejia-R,135,175,8.5,9
807,NYM,MWACHA-R,-150,-190,8.5,9
807,TOR,TROARK-R,-119,-107,10.5,10.5
807,BOS,RWEBER-R,109,-103,10.5,10.5
807,MIN,DSMELTZER-L,-185,-135,9,9.5
807,KAN,JJUNIS-R,160,125,9,9.5
807,CLE,ACIVALE-R,-105,-133,9,8.5
807,CWS,DCEASE-R,-115,123,9,8.5
807,CIN,TBAUER-R,-135,-106,8.5,8
807,MIL,ELAUER-L,115,-104,8.5,8
807,LAA,GCANNING-R,-165,-172,9.5,9
807,TEX,JLYLES-R,144,161,9.5,9
807,ARI,LWEAVER-R,120,111,8.5,8.5
807,SDG,ZDAVIES-R,-140,-121,8.5,8.5
807,HOU,ZGREINKE-R,-101,112,9,8.5
807,OAK,CBASSITT-R,-119,-122,9,8.5
807,COL,ASENZATELA-R,-125,113,9,8.5
807,SEA,YKIKUCHI-L,105,-123,9,8.5
807,SFO,JSAMARDZIJA-R,207,245,9,9
807,LAD,JURIAS-L,-250,-275,9,9
808,CLE,ZPLESAC-R,-119,-132,8.5,8.5
808,CWS,MFOSTER-R,-101,122,8.5,8.5
808,DET,INOVA-R,-101,122,9,9.5
808,PIT,DHOLLAND-L,-119,-132,9,9.5
808,HOU,FVALDEZ-L,115,162,9,8.5
808,OAK,FMONTAS-R,-135,-174,9,8.5
808,ATL,KWRIGHT-R,-110,104,10,10
808,PHI,JARRIETA-R,-110,-114,10,10
808,BAL,TESHELMAN-R,170,170,9,9.5
808,WAS,AVOTH-R,-200,-185,9,9.5
808,NYY,MKING-R,-115,-125,7,7
808,TAM,RTHOMPSON-R,105,115,7,7
808,MIN,JODORIZZI-R,-180,-153,9,9.5
808,KAN,DDUFFY-L,155,143,9,9.5
808,LAA,PSANDOVAL-L,-135,-136,9,9
808,TEX,KALLARD-L,115,126,9,9
808,CIN,ADESCLAFANI-R,-115,106,8.5,9
808,MIL,BANDERSON-L,-105,-116,8.5,9
808,MIA,DCASTANO-L,126,155,9,9
808,NYM,DPETERSON-L,-140,-165,9,9
808,TOR,CANDERSON-R,-112,115,11,10.5
808,BOS,ZGODLEY-R,-108,-125,11,10.5
808,ARI,MKELLY-R,144,165,7.5,7.5
808,SDG,CPADDACK-R,-165,-180,7.5,7.5
808,COL,RCASTELLANI-R,-125,104,9.5,9.5
808,SEA,NMARGEVICIUS-L,105,-114,9.5,9.5
808,SFO,JCUETO-R,249,270,8.5,8
808,LAD,CKERSHAW-L,-305,-310,8.5,8
808,NYY,GCOLE-R,-161,-146,6,5.5
808,TAM,TGLASNOW-R,145,136,6,5.5
809,BAL,AWOJCIECHOWSKI-R,184,200,8.5,8.5
809,WAS,SSTRASBURG-R,-220,-220,8.5,8.5
809,ATL,UNDECIDED,-111,-108,7.5,7.5
809,PHI,UNDECIDED,-109,-102,7.5,7.5
809,NYY,JPAXTON-L,-105,100,8.5,8.5
809,TAM,CMORTON-R,-115,-110,8.5,8.5
809,MIA,PLOPEZ-R,207,215,7,7.5
809,NYM,JDEGROM-R,-250,-245,7,7.5
809,DET,STURNBULL-R,-110,-140,8.5,9
809,PIT,SBRAULT-L,-110,130,8.5,9
809,TOR,MSHOEMAKER-R,130,145,9.5,10
809,BOS,NEOVALDI-R,-150,-155,9.5,10
809,MIN,JBERRIOS-R,-180,-155,9,9.5
809,KAN,BSINGER-R,155,145,9,9.5
809,CLE,SBIEBER-R,-140,-160,7.5,7.5
809,CWS,LGIOLITO-R,120,150,7.5,7.5
809,CIN,SGRAY-R,100,107,8,7
809,MIL,BWOODRUFF-R,-120,-117,8,7
809,LAA,AHEANEY-L,-115,-114,8.5,7.5
809,TEX,LLYNN-R,-105,104,8.5,7.5
809,COL,GMARQUEZ-R,-185,-147,9,8
809,SEA,JSHEFFIELD-L,160,137,9,8
809,SFO,KGAUSMAN-R,263,220,8.5,8.5
809,LAD,WBUEHLER-R,-325,-250,8.5,8.5
809,ARI,MBUMGARNER-L,125,165,8.5,8
809,SDG,DLAMET-R,-145,-180,8.5,8
809,HOU,CJAVIER-R,120,138,8.5,8
809,OAK,JLUZARDO-L,-140,-148,8.5,8
809,ATL,MFRIED-L,-148,-145,7,6.5
809,PHI,UNDECIDED,128,135,7,6.5
810,ATL,SNEWCOMB-L,130,130,9,9
810,PHI,ANOLA-R,-150,-140,9,9
810,CWS,DKEUCHEL-L,-150,-130,9,9
810,DET,MFULMER-R,130,120,9,9
810,WAS,PCORBIN-L,-115,-120,8.5,8.5
810,NYM,SMATZ-L,-105,110,8.5,8.5
810,TAM,RYARBROUGH-L,-147,-125,9,9.5
810,BOS,UNDECIDED,127,115,9,9.5
810,MIN,RDOBNAK-R,-110,100,8,8.5
810,MIL,AHOUSER-R,-110,-110,8,8.5
810,ARI,RRAY-L,130,117,11.5,11.5
810,COL,JGRAY-R,-150,-127,11.5,11.5
810,SEA,JDUNN-R,125,165,9,9
810,TEX,KGIBSON-R,-145,-180,9,9
810,SFO,UNDECIDED,200,190,9.5,9
810,HOU,LMCCULLERSJR-R,-230,-210,9.5,9
810,OAK,SMANAEA-L,-140,-122,9,9.5
810,LAA,JTEHERAN-R,120,112,9,9.5
810,SDG,GRICHARDS-R,151,185,8.5,8.5
810,LAD,DMAY-R,-175,-205,8.5,8.5
811,MIA,EHERNANDEZ-R,144,144,8.5,8
811,TOR,HRYU-L,-165,-154,8.5,8
811,KAN,KBUBIC-L-L,163,161,9,8.5
811,CIN,LCASTILLO-R,-190,-172,9,8.5
811,ATL,TTOUSSAINT-R,140,127,10,9.5
811,NYY,JMONTGOMERY-L,-160,-137,10,9.5
811,BAL,ACOBB-R,144,165,9,8.5
811,PHI,ZWHEELER-R,-165,-180,9,8.5
811,CUB,JLESTER-L,110,-108,8,9
811,CLE,APLUTKO-R,-130,-102,8,9
811,CWS,GGONZALEZ-L,-110,-122,9,9
811,DET,TALEXANDER-L,-110,112,9,9
811,WAS,MSCHERZER-R,-140,-155,8,8.5
811,NYM,RPORCELLO-R,120,145,8,8.5
811,TAM,AKITTREDGE-R,-107,-113,10,10
811,BRS,MPEREZ-L,-113,103,10,10
811,MIN,TCLIPPARD-R,-111,104,9,9
811,MIL,JLINDBLOM-R,-109,-114,9,9
811,ARI,ZGALLEN-R,100,-114,11,11
811,COL,KFREELAND-L,-120,104,11,11
811,SEA,MGONZALES-L,130,120,8.5,8.5
811,TEX,MMINOR-L,-150,-130,8.5,8.5
811,SFO,TANDERSON-L,176,157,9.5,9
811,HOU,BBIELAK-R,-211,-167,9.5,9
811,OAK,MFIERS-R,100,145,9,9
811,LAA,DBUNDY-R,-120,-155,9,9
811,SDG,GRICHARDS-R,155,148,8.5,8.5
811,LAD,RSTRIPLING-R,-180,-158,8.5,8.5
812,CWS,DCEASE-R,-125,-133,9,9
812,DET,MBOYD-L,105,123,9,9
812,ARI,LWEAVER-R,-105,-109,12.5,12.5
812,COL,ASENZATELA-R,-115,-101,12.5,12.5
812,OAK,CBASSITT-R,100,-109,9.5,9.5
812,LAA,GCANNING-R,-120,-101,9.5,9.5
812,CUB,KHENDRICKS-R,115,110,8,7.5
812,CLE,CCARRASCO-R,-135,-120,8,7.5
812,MIA,JYAMAMOTO-R,148,148,8.5,8.5
812,TOR,NPEARSON-R,-170,-158,8.5,8.5
812,KAN,BKELLER-R,120,105,9,9.5
812,CIN,WMILEY-L,-140,-115,9,9.5
812,ATL,UNDECIDED,179,155,9.5,9
812,NYY,MTANAKA-R,-200,-165,9.5,9
812,BAL,WLEBLANC-L,148,170,9.5,10
812,PHI,ZEFLIN-R,-170,-185,9.5,10
812,WAS,ASANCHEZ-R,-115,117,9.5,9.5
812,NYM,UNDECIDED,105,-127,9.5,9.5
812,MIN,KMAEDA-R,-145,-135,9,9
812,MIL,ELAUER-L,125,125,9,9
812,SFO,UNDECIDED,179,177,9,9
812,HOU,ZGREINKE-R,-200,-194,9,9
812,TAM,BSNELL-L,-145,-143,9,9
812,BOS,ZGODLEY-R,125,133,9,9
812,SEA,TWALKER-R,105,108,9,8.5
812,TEX,JLYLES-R,-125,-118,9,8.5
812,SDG,ZDAVIES-R,148,158,8.5,9.5
812,LAD,JURIAS-L,-170,-168,8.5,9.5
813,WAS,AVOTH-R,-120,117,9,8.5
813,NYM,DPETERSON-L,100,-127,9,8.5
813,MIL,BANDERSON-L,160,155,8,8.5
813,CHC,YDARVISH-R,-185,-165,8,8.5
813,BAL,TESHELMAN-R,155,180,9.5,9.5
813,PHI,JARRIETA-R,-180,-200,9.5,9.5
813,TAM,TGLASNOW-R,-150,-159,9,9
813,BOS,KHART-L,130,149,9,9
813,PIT,TWILLIAMS-R,160,157,9,9
813,CIN,ADESCLAFANI-R,-185,-167,9,9
813,SDG,CPADDACK-R,125,137,8,8
813,LAD,JURIAS-L,-145,-147,8,8
814,TAM,UNDECIDED,-131,-140,10,10.5
814,TOR,TROARK-R,118,130,10,10.5
814,WAS,SSTRASBURG-R,-180,-162,9,9
814,BAL,TMILONE-L,155,152,9,9
814,BOS,UNDECIDED,325,260,9,9
814,NYY,GCOLE-R,-375,-300,9,9
814,NYM,JDEGROM-R,-210,115,8.5,10
814,PHI,UNDECIDED,190,-125,8.5,10
814,CLE,ACIVALE-R,-170,-200,9,8.5
814,DET,INOVA-R,148,180,9,8.5
814,PIT,CKUHL-R,176,185,8.5,8
814,CIN,SGRAY-R,-210,-205,8.5,8
814,ATL,KWRIGHT-R,-119,-104,9,8.5
814,MIA,PLOPEZ-R,-101,-106,9,8.5
814,MIL,BWOODRUFF-R,-115,-125,8.5,8
814,CUB,TCHATWOOD-R,-105,115,8.5,8
814,TEX,LLYNN-R,-101,-129,12,12.5
814,COL,RCASTELLANI-R,-119,119,12,12.5
814,SEA,YKIKUCHI-L,163,220,9,9.5
814,HOU,FVALDEZ-L,-190,-250,9,9.5
814,LAD,CKERSHAW-L,-155,-168,8.5,9
814,LAA,PSANDOVAL-L,135,158,8.5,9
814,SDG,DLAMET-R,-135,-148,9,9
814,ARI,MKELLY-R,115,138,9,9
814,OAK,FMONTAS-R,-180,-200,8,8.5
814,SFO,JCUETO-R,155,180,8,8.5
815,STL,UNDECIDED,109,132,8,7.5
815,CWS,UNDECIDED,-119,-142,8,7.5
815,NYM,SMATZ-L,144,155,9,9
815,PHI,ANOLA-R,-165,-165,9,9
815,CLE,SBIEBER-R,-185,-180,8,7.5
815,DET,STURNBULL-R,160,165,8,7.5
815,ATL,MFRIED-L,-175,-200,8.5,8.5
815,MIA,DCASTANO-L,151,180,8.5,8.5
815,WAS,PCORBIN-L,-170,-174,9,9
815,BAL,AWOJCIECHOWSKI-R,148,162,9,9
815,KAN,DDUFFY-L,163,170,9.5,7.5
815,MIN,JBERRIOS-R,-190,-185,9.5,7.5
815,SEA,NMARGEVICIUS-L,188,205,9,10
815,HOU,CJAVIER-R,-225,-230,9,10
815,OAK,UNDECIDED,-210,-113,8.5,8.5
815,SFO,KGAUSMAN-R,176,103,8.5,8.5
815,BOS,NEOVALDI-R,157,145,9.5,9
815,NYY,JPAXTON-L,-175,-155,9.5,9
815,TEX,KGIBSON-R,140,160,12.5,11.5
815,COL,GMARQUEZ-R,-160,-170,12.5,11.5
815,SDG,CQUANTRILL-R,-125,-112,9.5,10
815,ARI,AYOUNG-L,114,102,9.5,10
815,MIL,AHOUSER-R,-110,-107,9,9.5
815,CUB,UNDECIDED,-110,-103,9,9.5
815,LAD,WBUEHLER-R,-160,-145,9,9.5
815,LAA,AHEANEY-L,140,135,9,9.5
815,STL,AWAINWRIGHT-R,144,145,7,7
815,CWS,LGIOLITO-R,-160,-155,7,7
815,KAN,IKENNEDY-R,162,165,10,7.5
815,MIN,JODORIZZI-R,-180,-180,10,7.5
816,WAS,MSCHERZER-R,-185,-174,9,8
816,BAL,JMEANS-L,160,162,9,8
816,NYM,RPORCELLO-R,140,132,9.5,9
816,PHI,ZWHEELER-R,-160,-142,9.5,9
816,CLE,APLUTKO-R,-155,-135,9,9
816,DET,MFULMER-R,135,125,9,9
816,ATL,RERLIN-L,-101,-125,9,9
816,MIA,EHERNANDEZ-R,-119,115,9,9
816,KAN,BSINGER-R,160,163,9.5,9.5
816,MIN,RDOBNAK-R,-185,-176,9.5,9.5
816,STL,DHUDSON-R,115,135,9,9.5
816,CWS,DKEUCHEL-L,-135,-145,9,9.5
816,SEA,JSHEFFIELD-L,199,200,9.5,9
816,HOU,LMCCULLERSJR-R,-240,-220,9.5,9
816,MIL,JLINDBLOM-R,130,113,8.5,9
816,CUB,JLESTER-L,-150,-123,8.5,9
816,TAM,YCHIRINOS-R,-130,-117,10.5,7.5
816,TOR,MSHOEMAKER-R,110,107,10.5,7.5
816,TEX,KALLARD-L,130,128,12.5,12.5
816,COL,JGRAY-R,-150,-138,12.5,12.5
816,OAK,MFIERS-R,-131,-122,9,9.5
816,SFO,LWEBB-R,118,112,9,9.5
816,LAD,DMAY-R,-160,-190,9.5,10
816,LAA,JTEHERAN-R,140,175,9.5,10
816,SDG,GRICHARDS-R,-140,-117,9.5,9.5
816,ARI,RRAY-L,120,107,9.5,9.5
816,BOS,CMAZZA-R,140,147,10,10.5
816,NYY,JHAPP-L,-155,-157,10,10.5
817,TOR,HRYU-L,-125,-130,9,8.5
817,BAL,ACOBB-R,105,120,9,8.5
817,BOS,MPEREZ-L,140,145,10,10
817,NYY,JMONTGOMERY-L,-160,-155,10,10
817,WAS,ASANCHEZ-R,105,150,9.5,10.5
817,ATL,TTOUSSAINT-R,-125,-160,9.5,10.5
817,NYM,RGSELLMAN-R,-130,-155,9,9
817,MIA,JYAMAMOTO-R,110,145,9,9
817,DET,MBOYD-L,125,155,9.5,9.5
817,CWS,GGONZALEZ-L,-145,-165,9.5,9.5
817,KAN,KBUBIC-L,172,160,9.5,9.5
817,MIN,MWISLER-R,-205,-170,9.5,9.5
817,STL,KKIM-L,-175,150,7,6.5
817,CUB,KHENDRICKS-R,157,-160,7,6.5
817,SDG,ZDAVIES-R,-125,-140,8.5,9
817,TEX,JLYLES-R,105,130,8.5,9
817,COL,KFREELAND-L,125,145,9,9.5
817,HOU,BBIELAK-R,-145,-155,9,9.5
817,OAK,CBASSITT-R,-115,102,9,9
817,ARI,ZGALLEN-R,-105,-112,9,9
817,SFO,TANDERSON-L,157,161,9.5,10
817,LAA,GCANNING-R,-175,-172,9.5,10
817,SEA,JDUNN-R,230,275,9,10
817,LAD,RSTRIPLING-R,-280,-315,9,10
817,CUB,TMILLER-R,NL,-118,NL,7
817,STL,AREYES-R,NL,108,NL,7
818,COL,ASENZATELA-R,160,175,9,8.5
818,HOU,ZGREINKE-R,-185,-190,9,8.5
818,SDG,AMOREJON-L,-135,-116,8.5,9
818,TEX,MMINOR-L,115,106,8.5,9
818,SFO,TCAHILL-R,199,210,9.5,9.5
818,LAA,DBUNDY-R,-240,-240,9.5,9.5
818,OAK,FMONTAS-R,-165,-149,9,9
818,ARI,LWEAVER-R,144,139,9,9
818,TOR,NPEARSON-R-R,-135,-120,9.5,10
818,BAL,WLEBLANC-L,115,110,9.5,10
818,TAM,BSNELL-L,115,-123,8.5,8.5
818,NYY,MTANAKA-R,-135,113,8.5,8.5
818,CLE,CCARRASCO-R,-185,-185,8.5,9
818,PIT,JTBRUBAKER-R,160,170,8.5,9
818,NYM,COSWALT-R,-165,-155,9.5,10
818,MIA,HMEJIA-R,149,145,9.5,10
818,WAS,AVOTH-R,-105,118,10,9.5
818,ATL,JTOMLIN-R,-115,-128,10,9.5
818,SEA,MGONZALES-L,215,210,9,9.5
818,LAD,TGONSOLIN-R,-260,-240,9,9.5
818,PHI,ZEFLIN-R,-120,-130,10.5,11
818,BOS,ZGODLEY-R,100,120,10.5,11
818,MIL,CBURNES-R,148,135,9,9
818,MIN,KMAEDA-R,-170,-145,9,9
818,DET,TSKUBAL-L,148,152,9.5,9
818,CWS,DCEASE-R,-170,-162,9.5,9
818,STL,DPONCEDELEON-R,155,163,8,7.5
818,CHC,YDARVISH-R,-180,-176,8,7.5
819,TAM,TGLASNOW-R,155,167,8.5,8
819,NYY,GCOLE-R,-180,-182,8.5,8
819,TOR,TROARK-R,-115,109,10,9.5
819,BAL,TMILONE-L,-105,-119,10,9.5
819,CLE,ACIVALE-R,-170,-185,9,9
819,PIT,SBRAULT-L,148,170,9,9
819,NYM,JDEGROM-R,-250,-210,7.5,7.5
819,MIA,PLOPEZ-R,207,190,7.5,7.5
819,PHI,JARRIETA-R,-155,-166,11,10.5
819,BOS,KHART-L,135,156,11,10.5
819,CIN,TBAUER-R,NL,-205,NL,6.5
819,KAN,MHARVEY-R,NL,185,NL,6.5
819,MIL,BANDERSON-L,151,143,9.5,9.5
819,MIN,RHILL-L,-175,-153,9.5,9.5
819,DET,CMIZE-R,140,144,9,9
819,CWS,DDunning,-160,-154,9,9
819,STL,JFLAHERTY-R,-126,-132,6.5,6
819,CUB,AMILLS-R,114,122,6.5,6
819,HOU,FVALDEZ-L,-130,-143,12.5,12.5
819,COL,RCASTELLANI-R,110,133,12.5,12.5
819,TEX,LLYNN-R,115,126,7,8
819,SDG,CPADDACK-R,-135,-136,7,8
819,ARI,MKELLY-R,148,150,8.5,8.5
819,OAK,JLUZARDO-L,-170,-160,8.5,8.5
819,LAD,JURIAS-L,-240,-240,9.5,9
819,SEA,TWALKER-R,199,210,9.5,9
819,LAA,PSANDOVAL-L,-119,-145,8.5,9
819,SFO,JCUETO-R,109,135,8.5,9
819,CUB,AALZOLAY-R,-124,-125,7.5,7.5
819,STL,JOVIEDO-R,113,115,7.5,7.5
819,CIN,LCASTILLO-R,-140,-143,7,6.5
819,KAN,BKELLER-R,126,133,7,6.5
820,TAM,JCURTISS-R,110,129,9.5,9
820,NYY,JPAXTON-L,-130,-139,9.5,9
820,DET,STURNBULL-R,160,150,8.5,8.5
820,CWS,LGIOLITO-R,-185,-160,8.5,8.5
820,HOU,CJAVIER-R,-115,114,11.5,11.5
820,COL,GMARQUEZ-R,-105,-124,11.5,11.5
820,BOS,NEOVALDI-R,-125,-145,10,9.5
820,BAL,AWOJCIECHOWSKI-R,105,135,10,9.5
820,CLE,SBIEBER-R,-220,-280,7.5,7.5
820,PIT,TWILLIAMS-R,184,245,7.5,7.5
820,LAD,CKERSHAW-L,-240,-330,9,8.5
820,SEA,YKIKUCHI-L,199,285,9,8.5
820,MIL,BWOODRUFF-R,115,-105,8.5,8.5
820,MIN,JBERRIOS-R,-135,-105,8.5,8.5
820,TEX,KGIBSON-R,160,180,8.5,8
820,SDG,DLAMET-R,-185,-200,8.5,8
820,CIN,SGRAY-R,-130,-130,8,8
820,STL,AWAINWRIGHT-R,110,120,8,8
820,ARI,AYOUNG-L,130,148,9,9
820,OAK,SMANAEA-L,-150,-158,9,9
820,LAA,JSUAREZ-L,-130,115,9,9
820,SFO,KGAUSMAN-R,110,-125,9,9
820,PHI,SHOWARD-R,118,-115,9,8.5
820,TOR,CANDERSON-R,-130,105,9,8.5
820,PHI,VVELASQUEZ-R,110,-113,9,8.5
820,TOR,TTHORNTON-R,-120,103,9,8.5
821,MIA,EHERNANDEZ-R,176,178,9,8.5
821,WAS,PCORBIN-L,-210,-196,9,8.5
821,TOR,MSHOEMAKER-R,140,143,8.5,8.5
821,TAM,RYARBROUGH-L,-160,-153,8.5,8.5
821,BOS,CBREWER-R,105,-120,10,10
821,BAL,JMEANS-L,-115,110,10,10
821,MIL,AHOUSER-R,-165,-138,8.5,8.5
821,PIT,CKUHL-R,144,128,8.5,8.5
821,DET,MFULMER-R,151,180,9.5,9.5
821,CLE,APLUTKO-R,-175,-200,9.5,9.5
821,PHI,ANOLA-R,105,104,8.5,8
821,ATL,MFRIED-L,-125,-114,8.5,8
821,MIN,JODORIZZI-R,-140,-138,8.5,9
821,KAN,DDUFFY-L,120,128,8.5,9
821,CWS,DKEUCHEL-L,-105,-109,8.5,9.5
821,CUB,JLESTER-L,-115,-101,8.5,9.5
821,CIN,ADESCLAFANI-R,-119,105,8.5,9
821,STL,DHUDSON-R,-101,-115,8.5,9
821,TEX,KALLARD-L,-119,-120,9,8.5
821,SEA,NMARGEVICIUS-L,-101,110,9,8.5
821,HOU,LMCCULLERSJR-R,-115,106,8.5,9
821,SDG,GRICHARDS-R,105,-116,8.5,9
821,LAA,AHEANEY-L,135,-111,9,9.5
821,OAK,MFIERS-R,-155,101,9,9.5
821,COL,JGRAY-R,180,205,9,9.5
821,LAD,WBUEHLER-R,-215,-230,9,9.5
821,ARI,RRAY-L,-110,-115,9,9.5
821,SFO,LWEBB-R,-110,105,9,9.5
822,MIL,JLINDBLOM-R,-165,-160,9.5,9.5
822,PIT,DHOLLAND-L,144,150,9.5,9.5
822,LAA,GCANNING-R,135,137,9.5,9.5
822,OAK,CBASSITT-R,-155,-147,9.5,9.5
822,MIA,UNDECIDED,213,230,6.5,6.5
822,WAS,MSCHERZER-R,-240,-260,6.5,6.5
822,TOR,UNDECIDED,-111,-115,8.5,8.5
822,TAM,UNDECIDED,101,105,8.5,8.5
822,BOS,MPEREZ-L,-119,-113,9.5,10
822,BAL,ACOBB-R,-101,103,9.5,10
822,MIN,RDOBNAK-R,-165,-148,9,9.5
822,KAN,BSINGER-R,144,138,9,9.5
822,DET,MBOYD-L,151,155,10,9.5
822,CLE,TMCKENZIE-R,-175,-165,10,9.5
822,PHI,ZWHEELER-R,-130,-113,9,9
822,ATL,RERLIN-L,110,103,9,9
822,CWS,UNDECIDED,157,165,9.5,10.5
822,CUB,KHENDRICKS-R,-175,-180,9.5,10.5
822,CIN,WMILEY-L,-101,126,9.5,9.5
822,STL,KKIM-L,-119,-136,9.5,9.5
822,HOU,BBIELAK-R,105,110,8.5,9.5
822,SDG,ZDAVIES-R,-125,-120,8.5,9.5
822,TEX,JLYLES-R,110,127,9,8.5
822,SEA,JSHEFFIELD-L,-130,-137,9,8.5
822,COL,KFREELAND-L,172,200,9.5,8.5
822,LAD,DMAY-R,-205,-220,9.5,8.5
822,ARI,ZGALLEN-R,-165,-160,9,8.5
822,SFO,TANDERSON-L,144,150,9,8.5
822,WAS,UNDECIDED,-150,-130,7.5,7.5
822,MIA,UNDECIDED,135,120,7.5,7.5
823,MIA,HMEJIA-R,144,138,10,10.5
823,WAS,ASANCHEZ-R,-165,-148,10,10.5
823,BOS,ZGODLEY-R,-110,-122,10.5,10.5
823,BAL,WLEBLANC-L,-110,112,10.5,10.5
823,DET,TSKUBAL-L,207,230,9,8.5
823,CLE,CCARRASCO-R,-250,-260,9,8.5
823,TOR,TTHORNTON-R,131,132,9,9
823,TAM,JFLEMING-L,-145,-142,9,9
823,MIL,CBURNES-R,-170,-180,9,9
823,PIT,JTBRUBAKER-R,148,165,9,9
823,MIN,UNDECIDED,-155,-140,9.5,10
823,KAN,KBUBIC-L,140,130,9.5,10
823,CIN,TMAHLE-R,-120,105,9.5,9
823,STL,DPONCEDELEON-R,100,-115,9.5,9
823,CWS,DCEASE-R,160,163,10.5,10
823,CUB,YDARVISH-R,-185,-176,10.5,10
823,LAA,DBUNDY-R,115,130,9,8.5
823,OAK,FMONTAS-R,-135,-140,9,8.5
823,TEX,MMINOR-L,-130,-125,9,9
823,SEA,JDUNN-R,110,115,9,9
823,HOU,ZGREINKE-R,-121,-118,9,8.5
823,SDG,UNDECIDED,110,108,9,8.5
823,ARI,LWEAVER-R,-120,-118,9.5,9
823,SFO,TCAHILL-R,100,108,9.5,9
823,PHI,ZEFLIN-R,115,100,9.5,9.5
823,ATL,JTOMLIN-R,-135,-110,9.5,9.5
823,COL,ASENZATELA-R,180,220,9.5,9
823,LAD,RSTRIPLING-R,-215,-250,9.5,9
824,TOR,TROARK-R,170,200,8,8
824,TAM,BSNELL-L,-200,-220,8,8
824,MIA,PLOPEZ-R,125,102,9.5,9
824,WAS,AVOTH-R,-145,-112,9.5,9
824,CHC,AMILLS-R,-145,-122,9.5,9.5
824,DET,CMIZE-R,125,112,9.5,9.5
824,MIN,KMAEDA-R,-115,-123,9,8.5
824,CLE,ACIVALE-R,-105,113,9,8.5
824,CIN,TBAUER-R,-140,-147,8.5,8.5
824,MIL,BANDERSON-L,120,137,8.5,8.5
824,KAN,BKELLER-R,155,162,8,8
824,STL,JFLAHERTY-R,-180,-174,8,8
824,OAK,JLUZARDO-L,-130,-145,8,7.5
824,TEX,LLYNN-R,110,135,8,7.5
824,LAA,PSANDOVAL-L,155,150,9.5,9.5
824,HOU,FVALDEZ-L,-180,-160,9.5,9.5
824,COL,RCASTELLANI-R,120,130,9,10
824,ARI,TCLARKE-R,-140,-140,9,10
825,PHI,JARRIETA-R,-101,-122,9.5,11
825,WAS,EFEDDE-R,-119,112,9.5,11
825,BOS,KHART-L,115,108,10.5,11.5
825,TOR,CANDERSON-R,-135,-118,10.5,11.5
825,BAL,TMILONE-L,176,190,8.5,8
825,TAM,TGLASNOW-R,-210,-210,8.5,8
825,MIN,RHILL-L,148,160,8,8
825,CLE,SBIEBER-R,-170,-170,8,8
825,CHC,TCHATWOOD-R,-140,-136,9.5,9.5
825,DET,STURNBULL-R,126,126,9.5,9.5
825,MIA,DCASTANO-L,162,175,7.5,7.5
825,NYM,RPORCELLO-R,-180,-190,7.5,7.5
825,PIT,SBRAULT-L,176,220,9,8.5
825,CWS,LGIOLITO-R,-210,-250,9,8.5
825,CIN,LCASTILLO-R,105,103,8.5,8
825,MIL,BWOODRUFF-R,-125,-113,8.5,8
825,KAN,MHARVEY-R,170,173,9.5,9
825,STL,AWAINWRIGHT-R,-200,-188,9.5,9
825,OAK,SMANAEA-L,-175,-155,9,8.5
825,TEX,KGIBSON-R,151,145,9,8.5
825,LAA,JSUAREZ-L,151,132,10,7.5
825,HOU,CJAVIER-R,-175,-142,10,7.5
825,SEA,MGONZALES-L,163,180,8,8
825,SDG,CPADDACK-R,-190,-200,8,8
825,COL,GMARQUEZ-R,-119,-111,9.5,9.5
825,ARI,AYOUNG-L,-101,101,9.5,9.5
825,LAD,JURIAS-L,-205,-205,9,9
825,SFO,JCUETO-R,172,185,9,9
825,NYM,SLUGO-R,-180,-190,7.5,7.5
825,MIA,TROGERS-L,162,175,7.5,7.5
825,LAA,JTEHERAN-R,179,130,8,8
825,HOU,BBIELAK-R,-200,-140,8,8
826,PIT,TWILLIAMS-R,192,195,9,9
826,CWS,DKEUCHEL-L,-230,-215,9,9
826,PHI,ANOLA-R,-115,-124,9,8.5
826,WAS,PCORBIN-L,-105,114,9,8.5
826,BOS,CBREWER-R,109,108,11.5,11.5
826,TOR,JMERRYWEATHER-R,-119,-118,11.5,11.5
826,BAL,AWOJCIECHOWSKI-R,162,153,9,8.5
826,TAM,TRICHARDS-R,-180,-163,9,8.5
826,MIN,JBERRIOS-R,-130,-105,8.5,9
826,CLE,MCLEVINGER-R,110,-105,8.5,9
826,CHC,JLESTER-L,-145,-140,10,10
826,DET,MFULMER-R,125,130,10,10
826,NYY,MTANAKA-R,-105,122,9,6.5
826,ATL,MFRIED-L,-115,-132,9,6.5
826,MIA,EHERNANDEZ-R,207,240,7,7.5
826,NYM,JDEGROM-R,-250,-270,7,7.5
826,KAN,JJUNIS-R,155,155,9,9
826,STL,DHUDSON-R,-180,-165,9,9
826,OAK,MFIERS-R,-160,-133,9.5,10
826,TEX,KALLARD-L,140,123,9.5,10
826,COL,JGRAY-R,-110,120,9.5,10.5
826,ARI,RRAY-L,-110,-130,9.5,10.5
826,NYY,GCOLE-R,-170,-169,7,6.5
826,ATL,IANDERSON-R,153,159,7,6.5
827,SEA,LNEWSOME-R,176,225,9,6
827,SDG,DLAMET-R,-210,-255,9,6
827,CIN,SGRAY-R,110,-125,9.5,6.5
827,MIL,AHOUSER-R,-130,115,9.5,6.5
827,LAD,CKERSHAW-L,-240,-245,9,6.5
827,SFO,LWEBB-R,199,215,9,6.5
827,PIT,CKUHL-R,151,144,7,6.5
827,STL,KKIM-L,-175,-154,7,6.5
827,PIT,CPONCE-R,166,160,7,7
827,STL,JOVIEDO-R,-195,-170,7,7
827,SEA,YKIKUCHI-L,196,175,6.5,6.5
827,SDG,GRICHARDS-R,-220,-190,6.5,6.5
827,LAD,CFERGUSON-L,-240,-158,6.5,6.5
827,SFO,KGAUSMAN-R,213,148,6.5,6.5
827,CIN,WMILEY-L,117,152,7.5,7
827,MIL,JLINDBLOM-R,-129,-162,7.5,7
828,BAL,JMEANS-L,196,185,9.5,9.5
828,TOR,HRYU-L,-220,-205,9.5,9.5
828,NYM,MWACHA-R,125,120,7.5,8
828,NYY,JMONTGOMERY-L,-145,-130,7.5,8
828,ATL,RERLIN-L,115,130,9,9.5
828,PHI,ZWHEELER-R,-135,-140,9,9.5
828,TAM,RYARBROUGH-L,-150,-128,9,8
828,MIA,SSANCHEZ-R,135,118,9,8
828,CHC,KHENDRICKS-R,-131,-144,9.5,9
828,CIN,TMAHLE-R,118,134,9.5,9
828,WAS,MSCHERZER-R,-170,-152,9.5,9
828,BOS,MPEREZ-L,153,142,9.5,9
828,KAN,DDUFFY-L,122,130,10,10
828,CWS,RLOPEZ-R,-135,-140,10,10
828,PIT,DHOLLAND-L,170,190,9.5,9
828,MIL,CBURNES-R,-190,-210,9.5,9
828,CLE,TMCKENZIE-R,-145,-130,9,8.5
828,STL,DPONCEDELEON-R,131,120,9,8.5
828,SDG,ZDAVIES-R,-120,100,12.5,11.5
828,COL,KFREELAND-L,110,-110,12.5,11.5
828,LAD,DMAY-R,-230,-220,9.5,9
828,TEX,MMINOR-L,205,200,9.5,9
828,SEA,NMARGEVICIUS-L,175,185,9,9
828,LAA,AHEANEY-L,-195,-205,9,9
828,SFO,TANDERSON-L,157,173,9,9
828,ARI,ZGALLEN-R,-175,-188,9,9
828,NYY,JLOAISIGA-R,-121,-130,7.5,7.5
828,NYM,DPETERSON-L,110,120,7.5,7.5
829,NYM,RGSELLMAN-R,109,-105,9.5,10
829,NYY,JHAPP-L,-119,-105,9.5,10
829,CLE,CCARRASCO-R,115,123,8,7.5
829,STL,JFLAHERTY-R,-135,-133,8,7.5
829,ATL,JTOMLIN-R,105,109,10,10.5
829,PHI,ZEFLIN-R,-115,-119,10,10.5
829,KAN,BSINGER-R-R,144,146,10,10
829,CWS,DCEASE-R,-160,-156,10,10
829,TAM,JFLEMING-L,-121,104,8.5,8
829,MIA,PLOPEZ-R,110,-114,8.5,8
829,MIN,RDOBNAK-R,-175,-148,7,7
829,DET,MBOYD-L,157,138,7,7
829,CHC,YDARVISH-R,101,-109,6,6
829,CIN,TBAUER-R,-111,-101,6,6
829,BAL,ACOBB-R,144,140,10,10
829,TOR,TWALKER-R,-160,-150,10,10
829,LAD,RSTRIPLING-R,-150,-155,8,8.5
829,TEX,LLYNN-R,130,145,8,8.5
829,PIT,JTBRUBAKER-R,155,175,9,9
829,MIL,BANDERSON-L,-180,-190,9,9
829,OAK,FMONTAS-R,115,119,9,6.5
829,HOU,ZGREINKE-R,-135,-129,9,6.5
829,WAS,ASANCHEZ-R,-120,-112,11.5,11.5
829,BOS,CMAZZA-R,100,102,11.5,11.5
829,SDG,MBAEZ-R,120,-110,9,13
829,COL,ASENZATELA-R,-140,100,9,13
829,SFO,TCAHILL-R,120,146,9.5,9.5
829,ARI,LWEAVER-R,-140,-156,9.5,9.5
829,SEA,JSHEFFIELD-L,157,170,8.5,9
829,LAA,DBUNDY-R,-175,-185,8.5,9
829,CHC,AMILLS-R,118,108,7,7.5
829,CIN,TANTONE-R,-131,-118,7,7.5
829,MIN,MWISLER-R,-165,-149,7.5,7
829,DET,TSKUBAL-L,149,139,7.5,7
829,OAK,CBASSITT-R,100,100,7,7
829,HOU,LMCCULLERSJR-R,-110,-110,7,7
830,NYM,RPORCELLO-R,110,-111,7.5,8
830,NYY,MKING-R,-121,101,7.5,8
830,TAM,BSNELL-L,-175,-170,7.5,7
830,MIA,SALCANTARA-R,157,160,7.5,7
830,CHC,TCHATWOOD-R,125,152,9,9
830,CIN,LCASTILLO-R,-145,-162,9,9
830,MIN,KMAEDA-R,-210,-210,9,8.5
830,DET,CMIZE-R,176,190,9,8.5
830,WAS,AVOTH-R,-120,102,11.5,11
830,BOS,ZGODLEY-R,100,-112,11.5,11
830,KAN,KBUBIC-L-L,170,161,10,9.5
830,CWS,DDUNNING-R,-190,-172,10,9.5
830,PIT,SBRAULT-L,184,240,8.5,8
830,MIL,BWOODRUFF-R,-220,-270,8.5,8
830,CLE,ACIVALE-R,-110,-120,8.5,8
830,STL,AWAINWRIGHT-R,-110,110,8.5,8
830,LAD,TGONSOLIN-R,-230,-220,9.5,9
830,TEX,KGIBSON-R,192,200,9.5,9
830,BAL,JLOPEZ-R,131,135,10.5,10
830,TOR,TROARK-R,-145,-145,10.5,10
830,SDG,CPADDACK-R,-150,-165,12.5,13
830,COL,RCASTELLANI-R,130,155,12.5,13
830,SEA,JDUNN-R,151,180,9.5,10
830,LAA,GCANNING-R,-175,-200,9.5,10
830,SFO,JCUETO-R,115,110,9.5,9.5
830,ARI,TCLARKE-R,-135,-120,9.5,9.5
830,ATL,TMILONE-L,122,-114,10.5,9
830,PHI,JARRIETA-R,-135,104,10.5,9
830,NYY,DGARCIA-R,122,135,7.5,7
830,NYM,SLUGO-R,-135,-145,7.5,7
831,BAL,KAKIN-L,170,151,10.5,10
831,TOR,CANDERSON-R,-190,-161,10.5,10
831,SEA,MGONZALES-L,135,140,9.5,9
831,LAA,JBARRIA-R,-150,-150,9.5,9
831,STL,DHUDSON-R,-101,100,9,9.5
831,CIN,ADESCLAFANI-R,-119,-110,9,9.5
831,TAM,TGLASNOW-R,125,136,7.5,7.5
831,NYY,GCOLE-R,-145,-146,7.5,7.5
831,WAS,EFEDDE-R,-105,128,10.5,10.5
831,PHI,SHOWARD-R,-115,-138,10.5,10.5
831,ATL,MFRIED-L,-185,-196,9.5,9
831,BOS,CBREWER-R,160,178,9.5,9
831,PIT,TWILLIAMS-R,157,180,9,8.5
831,MIL,BSUTER-L,-175,-200,9,8.5
831,CLE,SBIEBER-R,-220,-240,7.5,7.5
831,KAN,BKELLER-R,184,210,7.5,7.5
831,CWS,LGIOLITO-R,-119,-112,9,8.5
831,MIN,RHILL-L,-101,102,9,8.5
831,SDG,GRICHARDS-R,218,102,7,12
831,COL,GMARQUEZ-R,-245,-112,7,12
831,MIA,TROGERS-L,213,240,7,7.5
831,NYM,JDEGROM-R,-240,-270,7,7.5
901,STL,KKIM-L,131,154,8,9
901,CIN,SGRAY-R,-145,-164,8,9
901,TOR,JMERRYWEATHER-R,-110,112,8.5,8.5
901,MIA,EHERNANDEZ-R,100,-122,8.5,8.5
901,CHC,JLESTER-L,-150,-163,9,9.5
901,PIT,CKUHL-R,135,153,9,9.5
901,NYM,AJURADO-R,-129,-132,10,10.5
901,BAL,AWOJCIECHOWSKI-R,117,122,10,10.5
901,TAM,TRICHARDS-R,114,139,8.5,9
901,NYY,MTANAKA-R,-126,-149,8.5,9
901,WAS,PCORBIN-L,135,138,8.5,8.5
901,PHI,ANOLA-R,-150,-148,8.5,8.5
901,ATL,IANDERSON-R,-190,-168,10.5,9.5
901,BOS,RWEBER-R,170,158,10.5,9.5
901,DET,MFULMER-R,144,175,9.5,9.5
901,MIL,JLINDBLOM-R,-160,-190,9.5,9.5
901,CLE,ZPLESAC-R,-195,-200,9,9
901,KAN,MHARVEY-R,175,180,9,9
901,CWS,DKEUCHEL-L,-130,-101,9,9
901,MIN,MPINEDA-R,118,-109,9,9
901,TEX,LGARCIA-R,243,230,9.5,8.5
901,HOU,FVALDEZ-L,-275,-260,9.5,8.5
901,SFO,KGAUSMAN-R,122,-110,12.5,11.5
901,COL,JGRAY-R,-135,100,12.5,11.5
901,ARI,AYOUNG-L,234,200,9,8.5
901,LAD,JURIAS-L,-265,-220,9,8.5
902,SFO,LWEBB-R,120,108,12,11.5
902,COL,KFREELAND-L,-140,-118,12,11.5
902,STL,JOVIEDO-R,-110,135,9.5,10
902,CIN,TMAHLE-R,-110,-145,9.5,10
902,TOR,HRYU-L,-119,-112,7.5,7
902,MIA,SSANCHEZ-R,-101,102,7.5,7
902,CHC,KHENDRICKS-R,-200,-170,9.5,9
902,PIT,JMUSGROVE-R,170,160,9.5,9
902,NYM,MWACHA-R,-126,-142,10,10
902,BAL,JMEANS-L,114,132,10,10
902,TAM,CMORTON-R,-110,118,9,9
902,NYY,JMONTGOMERY-L,-110,-128,9,9
902,WAS,MSCHERZER-R,-110,-117,8.5,8.5
902,PHI,ZWHEELER-R,-110,107,8.5,8.5
902,ATL,RERLIN-L,-160,-147,11,11
902,BOS,RLEYER-R,144,137,11,11
902,DET,STURNBULL-R,135,161,9,9
902,MIL,AHOUSER-R,-155,-172,9,9
902,CLE,TMCKENZIE-R,-185,-160,9,9
902,KAN,JJUNIS-R,160,150,9,9
902,CWS,RLOPEZ-R,125,147,9,9.5
902,MIN,JBERRIOS-R,-145,-157,9,9.5
902,TEX,KALLARD-L,203,165,9,9
902,HOU,CJAVIER-R,-245,-180,9,9
902,SDG,DLAMET-R,-155,-190,9.5,9
902,LAA,JTEHERAN-R,135,175,9.5,9
902,ARI,ZGALLEN-R,157,180,8.5,8
902,LAD,WBUEHLER-R,-175,-200,8.5,8
903,CHC,AMILLS-R,-165,-155,9.5,10
903,PIT,JTBRUBAKER-R,144,145,9.5,10
903,TEX,LLYNN-R,148,150,8,7.5
903,HOU,ZGREINKE-R,-170,-160,8,7.5
903,WAS,ASANCHEZ-R,148,162,10.5,10.5
903,PHI,ZEFLIN-R,-170,-174,10.5,10.5
903,SDG,MCLEVINGER-R,-165,-138,9,8.5
903,LAA,AHEANEY-L,149,128,9,8.5
903,TOR,TWALKER-R,-130,-120,10.5,10.5
903,BOS,MPEREZ-L,110,110,10.5,10.5
903,CWS,DCEASE-R,-135,-135,9.5,9.5
903,KAN,DDUFFY-L,115,125,9.5,9.5
903,ARI,LWEAVER-R,222,260,8.5,8.5
903,LAD,CKERSHAW-L,-270,-300,8.5,8.5
903,NYY,JHAPP-L,-115,105,9.5,9
903,NYM,RGSELLMAN-R,105,-115,9.5,9
904,MIA,PLOPEZ-R,130,120,8,7.5
904,TAM,JFLEMING-L,-150,-130,8,7.5
904,NYY,MKING-R,-150,-148,8,8
904,BAL,TESHELMAN-R,135,138,8,8
904,CIN,LCASTILLO-R,-160,-185,6.5,6.5
904,PIT,SBRAULT-L,140,170,6.5,6.5
904,PHI,JARRIETA-R,100,125,9.5,10
904,NYM,RPORCELLO-R,-120,-135,9.5,10
904,MIL,CBURNES-R,130,130,8.5,7.5
904,CLE,CCARRASCO-R,-150,-140,8.5,7.5
904,WAS,WCROWE-R,140,165,8,8.5
904,ATL,HYNOA-R,-160,-180,8,8.5
904,TOR,TROARK-R,-135,-112,8,8.5
904,BOS,ZGODLEY-R,115,102,8,8.5
904,CWS,DDUNNING-R,-150,-160,9.5,9
904,KAN,BSINGER-R-R,130,150,9.5,9
904,DET,MBOYD-L,151,151,7,6.5
904,MIN,RDOBNAK-R,-175,-161,7,6.5
904,STL,JFLAHERTY-R,120,130,8.5,8
904,CHC,YDARVISH-R,-140,-140,8.5,8
904,HOU,LMCCULLERSJR-R,-110,-115,8.5,8.5
904,LAA,DBUNDY-R,-110,105,8.5,8.5
904,TEX,KCODY-R,-101,115,8.5,8.5
904,SEA,YKIKUCHI-L,-119,-125,8.5,8.5
904,SDG,ZDAVIES-R,100,135,8.5,8
904,OAK,JLUZARDO-L,-120,-145,8.5,8
904,COL,ASENZATELA-R,207,220,9,9
904,LAD,DMAY-R,-250,-250,9,9
904,ARI,TCLARKE-R,-110,140,8.5,9
904,SFO,TANDERSON-L,-110,-150,8.5,9
904,PIT,CPONCE-R,179,180,6.5,6
904,CIN,TBAUER-R,-200,-200,6.5,6
904,WAS,AVOTH-R,135,155,8.5,8
904,ATL,TMILONE-L,-150,-165,8.5,8
904,NYY,DGARCIA-R,-180,-170,8,7.5
904,BAL,JLOPEZ-R,162,160,8,7.5
904,MIN,MWISLER-R,-155,-152,7,7
904,DET,TALEXANDER-L,140,142,7,7
904,BOS,CMAZZA-R,118,130,8.5,8.5
904,TOR,RSTRIPLING-R,-130,-140,8.5,8.5
905,SDG,CPADDACK-R,-110,102,9,9
905,OAK,SMANAEA-L,-110,-112,9,9
905,MIA,SALCANTARA-R,195,190,7.5,7.5
905,TAM,BSNELL-L,-235,-210,7.5,7.5
905,NYY,GCOLE-R,-260,-240,9,9
905,BAL,KAKIN-L,215,210,9,9
905,CIN,ADESCLAFANI-R,-140,-122,9.5,9.5
905,PIT,TWILLIAMS-R,120,112,9.5,9.5
905,CWS,LGIOLITO-R,-220,-230,9,9.5
905,KAN,KBUBIC-L-L,184,205,9,9.5
905,DET,TSKUBAL-L,195,245,8.5,8.5
905,MIN,KMAEDA-R,-235,-280,8.5,8.5
905,PHI,SHOWARD-R,115,145,9.5,9
905,NYM,SLUGO-R,-135,-155,9.5,9
905,MIL,BWOODRUFF-R,100,104,8,7.5
905,CLE,ACIVALE-R,-120,-114,8,7.5
905,WAS,EFEDDE-R,199,240,9,9.5
905,ATL,MFRIED-L,-240,-270,9,9.5
905,TOR,CANDERSON-R,-135,-125,10.5,10.5
905,BOS,RWEBER-R,122,115,10.5,10.5
905,STL,AWAINWRIGHT-R,-105,103,6,6
905,CHC,AALZOLAY-R,-105,-113,6,6
905,HOU,BBIELAK-R,-111,-103,7,7.5
905,LAA,GCANNING-R,101,-107,7,7.5
905,TEX,KGIBSON-R,130,129,8.5,8
905,SEA,JSHEFFIELD-L,-150,-139,8.5,8
905,COL,GMARQUEZ-R,180,163,8.5,9
905,LAD,TGONSOLIN-R,-215,-176,8.5,9
905,ARI,MBUMGARNER-L,100,128,8.5,9.5
905,SFO,TCAHILL-R,-120,-138,8.5,9.5
905,CHC,CREA-R,122,-108,7,7
905,STL,AGOMBER-L,-135,-102,7,7
905,LAA,DPETERS-L,126,154,7.5,7.5
905,HOU,JURQUIDY-R,-140,-164,7.5,7.5
906,NYY,MTANAKA-R,-220,-200,9,9
906,BAL,DKREMER-R,184,180,9,9
906,PHI,ANOLA-R,130,147,7,7.5
906,NYM,JDEGROM-R,-150,-157,7,7.5
906,MIL,BANDERSON-L,192,230,7,7
906,CLE,SBIEBER-R,-230,-260,7,7
906,WAS,PCORBIN-L,115,127,9.5,9.5
906,ATL,JTOMLIN-R,-135,-137,9.5,9.5
906,MIA,TROGERS-L,176,200,7.5,7
906,TAM,TGLASNOW-R,-210,-220,7.5,7
906,TOR,RRAY-L,-145,-120,10.5,11
906,BOS,ATRIGGS-R,125,110,10.5,11
906,CIN,TANTONE-R,-130,-155,9.5,9
906,PIT,CKUHL-R,110,145,9.5,9
906,CWS,DKEUCHEL-L,-170,-210,9,11
906,KAN,MHARVEY-R,148,190,9,11
906,DET,CMIZE-R,170,170,9.5,9
906,MIN,RHILL-L,-200,-185,9.5,9
906,ARI,AYOUNG-L,130,140,9,9
906,SFO,JCUETO-R,-150,-150,9,9
906,HOU,FVALDEZ-L,-125,-170,9.5,9.5
906,LAA,JBARRIA-R,105,160,9.5,9.5
906,SDG,GRICHARDS-R,-110,-107,9.5,10.5
906,OAK,MFIERS-R,-110,-103,9.5,10.5
906,TEX,JLYLES-R,130,115,9,9
906,SEA,JDUNN-R,-150,-125,9,9
906,STL,DHUDSON-R,-101,-102,13,12.5
906,CUB,JLESTER-L,-109,-108,13,12.5
906,COL,RCASTELLANI-R,207,240,9.5,9.5
906,LAD,JURIAS-L,-250,-270,9.5,9.5
907,MIA,JURENA-R,170,200,9,9
907,ATL,IANDERSON-R,-200,-220,9,9
907,PHI,ZWHEELER-R,-119,-125,8.5,9.5
907,NYM,DPETERSON-L,-101,115,8.5,9.5
907,DET,MFULMER-R,170,180,8.5,8.5
907,MIN,MPINEDA-R,-200,-200,8.5,8.5
907,TEX,KALLARD-L,125,140,8.5,8
907,SEA,MGONZALES-L,-145,-150,8.5,8
907,STL,JOVIEDO-R,140,167,8,7.5
907,CUB,KHENDRICKS-R,-160,-182,8,7.5
907,TAM,CMORTON-R,126,100,8.5,8
907,WAS,MSCHERZER-R,-140,-110,8.5,8
907,KAN,BKELLER-R,180,190,8,8
907,CLE,ZPLESAC-R,-215,-210,8,8
907,NYY,JMONTGOMERY-L,130,115,9,9
907,TOR,HRYU-L,-150,-125,9,9
907,COL,KFREELAND-L,180,170,8,8.5
907,SDG,DLAMET-R,-215,-185,8,8.5
907,HOU,CJAVIER-R,130,120,9,9
907,OAK,CBASSITT-R,-150,-130,9,9
907,ARI,ZGALLEN-R,-150,100,8,7.5
907,SFO,KGAUSMAN-R,130,-110,8,7.5
908,TAM,RYARBROUGH-L,-150,-148,9.5,9.5
908,WAS,ASANCHEZ-R,130,138,9.5,9.5
908,KAN,JJUNIS-R,199,185,8.5,8.5
908,CLE,TMCKENZIE-R,-240,-205,8.5,8.5
908,NYY,JHAPP-L,125,-109,10,10
908,TOR,TWALKER-R,-145,-101,10,10
908,BOS,MPEREZ-L,151,170,8,7.5
908,PHI,ZEFLIN-R,-175,-185,8,7.5
908,CWS,DCEASE-R,-175,-134,9.5,9.5
908,PIT,JMUSGROVE-R,151,124,9.5,9.5
908,MIL,AHOUSER-R,-110,-148,8.5,9
908,DET,STURNBULL-R,-110,138,8.5,9
908,MIA,SSANCHEZ-R,125,107,9.5,9
908,ATL,KWRIGHT-R,-145,-117,9.5,9
908,BAL,JMEANS-L,160,165,10,9
908,NYM,MWACHA-R,-185,-180,10,9
908,CIN,TMAHLE-R,105,-107,8,7.5
908,CUB,AMILLS-R,-125,-103,8,7.5
908,MIN,JBERRIOS-R,-128,-125,7,6.5
908,STL,CMARTINEZ-R,108,115,7,6.5
908,LAA,AHEANEY-L,-130,-128,8,8
908,TEX,LLYNN-R,110,118,8,8
908,COL,CGONZALEZ-R,320,210,9,8.5
908,SDG,MCLEVINGER-R,-405,-240,9,8.5
908,HOU,CDEJONG-R,117,136,8.5,8
908,OAK,MMINOR-L,-137,-146,8.5,8
908,LAD,WBUEHLER-R,-225,-255,9,9.5
908,ARI,LWEAVER-R,188,225,9,9.5
908,SEA,LNEWSOME-R,144,150,8.5,9
908,SFO,LWEBB-R,-165,-160,8.5,9
908,MIN,RDOBNAK-R,-130,-134,7,7
908,STL,DPONCEDELEON-R,110,124,7,7
908,BOS,CMAZZA-R,157,150,8.5,8
908,PHI,VVELASQUEZ-R,-175,-160,8.5,8
908,OAK,FMONTAS-R,-105,118,7,6.5
908,HOU,ZGREINKE-R,-115,-128,7,6.5
909,KAN,DDUFFY-L,184,190,8.5,8
909,CLE,CCARRASCO-R,-220,-210,8.5,8
909,NYY,DGARCIA-R,-125,-147,10.5,10
909,TOR,TROARK-R,105,137,10.5,10
909,CWS,DDUNNING-R,-180,-153,9,9
909,PIT,JTBRUBAKER-R,155,143,9,9
909,MIA,PLOPEZ-R,120,128,9.5,9
909,ATL,TMILONE-L,-140,-138,9.5,9
909,MIL,CBURNES-R,-135,-152,8.5,7.5
909,DET,MBOYD-L,115,142,8.5,7.5
909,BAL,JLOPEZ-R,150,177,9.5,9.5
909,NYM,RPORCELLO-R,-173,-194,9.5,9.5
909,COL,ASENZATELA-R,170,162,8.5,9
909,SDG,ZDAVIES-R,-200,-174,8.5,9
909,CIN,TBAUER-R,130,140,6.5,6.5
909,CUB,YDARVISH-R,-150,-150,6.5,6.5
909,LAA,JTEHERAN-R,100,-116,9.5,9.5
909,TEX,KCODY-R,-120,106,9.5,9.5
909,HOU,LGARCIA-R,140,165,9,9
909,OAK,JLUZARDO-L,-160,-180,9,9
909,LAD,CKERSHAW-L,-270,-310,8.5,9
909,ARI,TCLARKE-R,222,270,8.5,9
909,SEA,NMARGEVICIUS-L,135,125,9,9
909,SFO,TANDERSON-L,-150,-135,9,9
910,HOU,JURQUIDY-R,130,137,9.5,9
910,OAK,SMANAEA-L,-150,-147,9.5,9
910,LAA,DBUNDY-R,-190,-159,9,8.5
910,TEX,KGIBSON-R,163,149,9,8.5
910,ATL,RERLIN-L,-150,-146,10,11
910,WAS,AVOTH-R,130,136,10,11
910,KAN,BSINGER-R,176,200,8.5,7.5
910,CLE,ACIVALE-R,-210,-220,8.5,7.5
910,PHI,JARRIETA-R,100,-105,9,8.5
910,MIA,SALCANTARA-R,-120,-105,9,8.5
910,BOS,MKICKHAM-L,192,179,9,9.5
910,TAM,JFLEMING-L,-230,-198,9,9.5
910,CIN,SGRAY-R,-130,-125,7,7.5
910,CUB,AALZOLAY-R,110,115,7,7.5
910,SFO,TCAHILL-R,176,165,9,9
910,SDG,CPADDACK-R,-210,-180,9,9
910,LAD,DMAY-R,-190,-240,9.5,9.5
910,ARI,MBUMGARNER-L,163,210,9.5,9.5
910,DET,TSKUBAL-L,180,205,7,5.5
910,STL,JFLAHERTY-R,-215,-230,7,5.5
910,DET,JZIMMERMANN-R,155,175,7,7
910,STL,AGOMBER-L,-180,-190,7,7
911,ATL,JTOMLIN-R,-150,-155,11,11
911,WAS,EFEDDE-R,130,145,11,11
911,NYM,JDEGROM-R,-180,-215,8,8.5
911,TOR,CANDERSON-R,155,195,8,8.5
911,BOS,ATRIGGS-R,230,240,8.5,8.5
911,TAM,BSNELL-L,-260,-270,8.5,8.5
911,BAL,KAKIN-L,192,175,7,6.5
911,NYY,MTANAKA-R,-215,-190,7,6.5
911,PHI,ANOLA-R,-140,-160,6.5,6
911,MIA,TROGERS-L,120,150,6.5,6
911,PIT,SBRAULT-L,-101,128,9.5,8.5
911,KAN,KBUBIC-L,-119,-138,9.5,8.5
911,DET,CMIZE-R,222,225,9,8
911,CWS,LGIOLITO-R,-270,-255,9,8
911,CUB,JLESTER-L,130,156,8.5,9
911,MIL,BWOODRUFF-R,-150,-166,8.5,9
911,CLE,SBIEBER-R,-115,-115,7,6.5
911,MIN,KMAEDA-R,105,105,7,6.5
911,CIN,LCASTILLO-R,-101,-112,8,7.5
911,STL,AWAINWRIGHT-R,-119,102,8,7.5
911,LAA,GCANNING-R,115,124,12.5,12
911,COL,GMARQUEZ-R,-135,-134,12.5,12
911,OAK,MFIERS-R,-165,-176,9.5,9.5
911,TEX,LGARCIA-R,144,163,9.5,9.5
911,SEA,YKIKUCHI-L,105,-110,9,9.5
911,ARI,CSMITH-L,-115,100,9,9.5
911,PHI,BPARKER-R,-109,-120,7,7
911,MIA,DCASTANO-L,-101,110,7,7
911,BAL,ACOBB-R,208,220,7,6.5
911,NYY,GCOLE-R,-251,-250,7,6.5
912,BAL,DKREMER-R,140,170,9,9
912,NYY,JMONTGOMERY-L,-160,-185,9,9
912,ATL,IANDERSON-R,-130,-145,9,9
912,WAS,PCORBIN-L,110,135,9,9
912,PHI,SHOWARD-R,100,-120,9,9.5
912,MIA,JURENA-R,-120,110,9,9.5
912,NYM,SLUGO-R,-185,-161,10,10
912,TOR,UNDECIDED,166,151,10,10
912,BOS,NEOVALDI-R,205,190,8.5,7.5
912,TAM,TGLASNOW-R,-230,-210,8.5,7.5
912,PIT,TWILLIAMS-R,130,102,9,9.5
912,KAN,CHERNANDEZ-R,-150,-112,9,9.5
912,OAK,DJEFFERIES-R,-190,-196,8,7.5
912,TEX,UNDECIDED,170,178,8,7.5
912,DET,MFULMER-R,153,175,10,10.5
912,CWS,RLOPEZ-R,-170,-190,10,10.5
912,CUB,KHENDRICKS-R,-120,-106,9,9
912,MIL,BANDERSON-L,100,-104,9,9
912,LAA,JBARRIA-R,115,125,12.5,12
912,COL,KFREELAND-L,-135,-135,12.5,12
912,SEA,JSHEFFIELD-L,151,141,8,8.5
912,ARI,ZGALLEN-R,-175,-151,8,8.5
912,CIN,TANTONE-R,120,118,8.5,8
912,STL,DHUDSON-R,-140,-128,8.5,8
912,HOU,FVALDEZ-L,140,145,9,9.5
912,LAD,JURIAS-L,-160,-155,9,9.5
912,CLE,ZPLESAC-R,-130,-110,8.5,8
912,MIN,RHILL-L,110,100,8.5,8
912,OAK,UNDECIDED,-190,-210,7,7
912,TEX,UNDECIDED,170,190,7,7
913,ATL,KWRIGHT-R,170,155,9,9
913,WAS,MSCHERZER-R,-200,-165,9,9
913,BAL,JMEANS-L,184,160,10,9.5
913,NYY,JHAPP-L,-220,-170,10,9.5
913,PHI,UNDECIDED,135,155,7,6.5
913,MIA,UNDECIDED,-150,-165,7,6.5
913,BOS,MPEREZ-L,163,180,8.5,8
913,TAM,CMORTON-R,-190,-200,8.5,8
913,PIT,CKUHL-R,135,122,8.5,8.5
913,KAN,BKELLER-R,-155,-132,8.5,8.5
913,DET,STURNBULL-R,130,160,9.5,9.5
913,CWS,UNDECIDED,-150,-170,9.5,9.5
913,CUB,AMILLS-R,110,114,9.5,9.5
913,MIL,AHOUSER-R,-130,-124,9.5,9.5
913,CIN,TMAHLE-R,-110,-105,8.5,8
913,STL,CMARTINEZ-R,-110,-105,8.5,8
913,OAK,FMONTAS-R,-125,-140,8,8
913,TEX,LLYNN-R,105,130,8,8
913,HOU,ZGREINKE-R,-109,127,9,9
913,LAD,UNDECIDED,-101,-137,9,9
913,NYM,DPETERSON-L,120,144,9.5,9.5
913,TOR,HRYU-L,-140,-154,9.5,9.5
913,LAA,AHEANEY-L,-145,-155,13,12.5
913,COL,RCASTELLANI-R,125,145,13,12.5
913,CLE,TMCKENZIE-R,120,125,8.5,8
913,MIN,MPINEDA-R,-140,-135,8.5,8
913,SFO,UNDECIDED,157,162,6.5,6
913,SDG,UNDECIDED,-175,-174,6.5,6
913,SEA,JDUNN-R,125,140,9,9
913,ARI,LWEAVER-R,-145,-150,9,9
913,PHI,UNDECIDED,-145,-150,7,7
913,MIA,SSANCHEZ-R,131,140,7,7
913,SFO,LWEBB-R,140,150,7,6.5
913,SDG,GRICHARDS-R,-155,-160,7,6.5
914,PIT,MKELLER-R,NL,225,6.5,6
914,CIN,TBAUER-R,NL,-255,6.5,6
914,ATL,TTOUSSAINT-R,-160,-164,10.5,10
914,BAL,JLOPEZ-R,140,154,10.5,10
914,STL,KKIM-L,-119,104,7,6.5
914,MIL,JLINDBLOM-R,109,-114,7,6.5
914,MIN,JBERRIOS-R,-120,-136,9.5,9
914,CWS,DCEASE-R,100,126,9.5,9
914,LAD,UNDECIDED,-130,-140,8,7.5
914,SDG,DLAMET-R,110,130,8,7.5
914,PIT,UNDECIDED,170,138,7,7.5
914,CIN,ADESCLAFANI-R,-190,-148,7,7.5
914,OAK,JLUZARDO-L,-140,-152,6,6
914,SEA,MGONZALES-L,126,142,6,6
914,OAK,MMINOR-L,-155,-170,7,7
914,SEA,UNDECIDED,140,160,7,7
914,STL,DPONCEDELEON-R,192,180,6.5,6.5
914,MIL,CBURNES-R,-215,-200,6.5,6.5
914,PHI,UNDECIDED,131,109,9,8.5
914,MIA,PLOPEZ-R,-145,-119,9,8.5
915,WAS,ASANCHEZ-R,155,163,9,9
915,TAM,JCURTISS-R,-180,-176,9,9
915,PIT,JMUSGROVE-R,120,126,9,9
915,CIN,MLORENZEN,-140,-136,9,9
915,BOS,THOUCK,151,148,9,9
915,MIA,SALCANTARA-R,-175,-158,9,9
915,ATL,UNDECIDED,-160,-170,10.5,10.5
915,BAL,UNDECIDED,144,160,10.5,10.5
915,TOR,TWALKER-R,148,150,9,9
915,NYY,DGARCIA-R,-170,-160,9,9
915,NYM,RPORCELLO-R,-105,-117,10,9.5
915,PHI,JARRIETA-R,-115,107,10,9.5
915,KAN,DDUFFY-L,-119,105,9,8.5
915,DET,MBOYD-L,-101,-115,9,8.5
915,STL,JFLAHERTY-R,-140,-133,8,8.5
915,MIL,BANDERSON-L,120,123,8,8.5
915,TEX,KCODY-R,180,178,9,9
915,HOU,JURQUIDY-R,-215,-196,9,9
915,MIN,RDOBNAK-R,-101,114,9,9
915,CWS,DDUNNING-R,-119,-124,9,9
915,CLE,CCARRASCO-R,130,144,7.5,8
915,CUB,YDARVISH-R,-150,-154,7.5,8
915,OAK,SMANAEA-L,-155,-132,12,12
915,COL,ASENZATELA-R,135,122,12,12
915,LAD,TGONSOLIN-R,-125,-128,8.5,8.5
915,SDG,ZDAVIES-R,105,118,8.5,8.5
915,ARI,MBUMGARNER-L,110,135,9.5,10
915,LAA,JTEHERAN-R,-130,-145,9.5,10
916,WAS,AVOTH-R,155,164,9.5,9
916,TAM,PFAIRBANKS,-180,-178,9.5,9
916,OAK,MFIERS-R,-110,115,11.5,11.5
916,COL,GMARQUEZ-R,-110,-125,11.5,11.5
916,LAD,BGRATEROL-R,-140,-114,9,9
916,SDG,AMOREJON-L,126,104,9,9
916,PIT,JTBRUBAKER-R,184,220,8.5,8
916,CIN,LCASTILLO-R,-220,-250,8.5,8
916,BOS,MKICKHAM-L,120,115,9,9
916,MIA,TROGERS-L,-140,-125,9,9
916,ATL,CHAMELS-L,-175,-180,9.5,10
916,BAL,KAKIN-L,151,165,9.5,10
916,TOR,TROARK-R,218,240,8.5,8.5
916,NYY,GCOLE-R,-265,-270,8.5,8.5
916,NYM,JDEGROM-R,-135,-176,7.5,7.5
916,PHI,ZWHEELER-R,115,163,7.5,7.5
916,KAN,BSINGER-R,-125,-114,9,9
916,DET,TSKUBAL-L,105,104,9,9
916,STL,AWAINWRIGHT-R,135,140,6,6
916,MIL,BWOODRUFF-R,-150,-150,6,6
916,MIN,JODORIZZI-R,135,143,8.5,8.5
916,CWS,LGIOLITO-R,-155,-153,8.5,8.5
916,TEX,KGIBSON-R,199,205,9.5,9
916,HOU,LMCCULLERSJR-R,-240,-230,9.5,9
916,CLE,ACIVALE-R,-120,-107,7.5,8
916,CUB,JLESTER-L,100,-103,7.5,8
916,ARI,CSMITH-L,155,175,9,9
916,LAA,DBUNDY-R,-180,-190,9,9
916,STL,JOVIEDO-R,131,160,7,7
916,MIL,BSUTER-L,-145,-170,7,7
916,SFO,DSMYLY-L,-150,-152,9,8.5
916,SEA,LNEWSOME-R,135,142,9,8.5
917,MIN,KMAEDA-R,-155,-161,9,8.5
917,CWS,RLOPEZ-R,140,151,9,8.5
917,ARI,AYOUNG-L,135,155,9.5,10
917,LAA,GCANNING-R,-155,-165,9.5,10
917,TAM,BSNELL-L,-200,-180,7,6
917,BAL,DKREMER-R,179,165,7,6
917,TOR,JMERRYWEATHER-R,176,200,9.5,9.5
917,NYY,MTANAKA-R,-210,-220,9.5,9.5
917,NYM,SLUGO-R,120,105,8,8
917,PHI,ANOLA-R,-140,-115,8,8
917,STL,DHUDSON-R,-165,-152,9,8.5
917,PIT,SBRAULT-L,144,142,9,8.5
917,TEX,JLYLES-R,192,220,9.5,9
917,HOU,FVALDEZ-L,-230,-250,9.5,9
917,CLE,SBIEBER-R,-270,-270,7,7
917,DET,CMIZE-R,222,240,7,7
917,LAD,JURIAS-L,-165,-157,11.5,12
917,COL,KFREELAND-L,144,147,11.5,12
917,SFO,TANDERSON-L,-145,-124,8.5,9
917,SEA,NMARGEVICIUS-L,125,114,8.5,9
917,BAL,BZIMMERMANN-L,157,161,8.5,7.5
917,TAM,TRICHARDS-R,-175,-172,8.5,7.5
917,BOS,NEOVALDI-R,114,-108,9,9.5
917,MIA,JURENA-R,-126,-102,9,9.5
918,TOR,RSTRIPLING-R,170,200,7.5,7
918,PHI,DHALE-R,157,175,7.5,7
918,TAM,TGLASNOW-R,-175,-190,9,8.5
918,BAL,ACOBB-R,-181,-210,9,8.5
918,STL,CMARTINEZ-R,156,190,7,6.5
918,PIT,TWILLIAMS-R,126,145,7,6.5
918,CWS,JSTIEVER-R,-146,-155,9,9.5
918,CIN,TMAHLE-R,148,161,9,9.5
918,ATL,MFRIED-L,-171,-172,8.5,8.5
918,NYM,SMATZ-L,-171,-220,8.5,8.5
918,CLE,ZPLESAC-R,148,200,9,8.5
918,DET,MFULMER-R,126,105,9,8.5
918,WAS,EFEDDE-R,-146,-115,6.5,6.5
918,MIA,SSANCHEZ-R,131,175,6.5,6.5
918,NYY,JMONTGOMERY-L,-151,-190,10.5,10.5
918,BOS,MPEREZ-L,144,148,10.5,10.5
918,KAN,DDUFFY-L,-160,-158,9,8.5
918,MIL,AHOUSER-R,-180,-180,9,8.5
918,ARI,ZGALLEN-R,155,165,8,7.5
918,HOU,ZGREINKE-R,149,142,8,7.5
918,LAD,AWOOD-L,-165,-152,13,13
918,COL,RCASTELLANI-R,-110,-123,13,13
918,MIN,RHILL-L,100,113,7.5,7
918,CUB,KHENDRICKS-R,135,116,7.5,7
918,TEX,JHERGET-R,-150,-126,9,9.5
918,LAA,JBARRIA-R,120,143,9,9.5
918,SFO,LWEBB-R,-140,-153,8.5,8.5
918,OAK,CBASSITT-R,-145,-140,8.5,8.5
918,SDG,CPADDACK-R,125,130,8.5,8.5
918,SEA,YKIKUCHI-L,126,118,8.5,8.5
918,PIT,CKUHL-R,-140,-128,7,7
918,STL,DPONCEDELEON-R,-105,111,7,7
918,PHI,ZEFLIN-R,-115,-121,7,6.5
918,TOR,RRAY-L,-165,-185,7,6.5
918,WAS,WCROWE-R,144,170,7,7
918,MIA,DCASTANO-L,-170,-176,7,7
919,SFO,KGAUSMAN-R,-101,-106,9,8
919,OAK,JLUZARDO-L,-109,-102,9,8
919,TOR,HRYU-L,-201,-200,9,8
919,PHI,VVELASQUEZ-R,170,180,9,8
919,CWS,DKEUCHEL-L,-165,-170,8,8
919,CIN,TBAUER-R,149,160,8,8
919,WAS,PCORBIN-L,-116,113,8,7.5
919,MIA,PLOPEZ-R,-104,-123,8,7.5
919,CLE,TMCKENZIE-R,-166,-158,8.5,8
919,DET,STURNBULL-R,145,148,8.5,8
919,TAM,CMORTON-R,-201,-220,9,8
919,BAL,JLOPEZ-R,148,163,9,8
919,STL,KKIM-L,-190,-164,8.5,8
919,PIT,MKELLER-R,163,154,8.5,8
919,KAN,KBUBIC-L-L,184,180,8.5,7.5
919,MIL,CBURNES-R,-220,-200,8.5,7.5
919,ARI,LWEAVER-R,148,156,9,9.5
919,HOU,CJAVIER-R,-170,-166,9,9.5
919,ATL,IANDERSON-R,-145,-149,9,9
919,NYM,DPETERSON-L,125,139,9,9
919,TEX,LLYNN-R,148,145,7.5,7.5
919,LAA,AHEANEY-L,-170,-155,7.5,7.5
919,NYY,JHAPP-L,-205,-205,11,10.5
919,BOS,CMAZZA-R,183,185,11,10.5
919,LAD,CKERSHAW-L,-290,-280,11,12
919,COL,CGONZALEZ-R,237,245,11,12
919,MIN,MPINEDA-R,-135,-123,8.5,8
919,CHC,AMILLS-R,115,113,8.5,8
919,SDG,LPATINO-R,-190,-160,8,8.5
919,SEA,JSHEFFIELD-L,163,150,8,8.5
920,TOR,TWALKER-R,104,-110,9.5,9.5
920,PHI,UNDECIDED,-114,100,9.5,9.5
920,STL,JFLAHERTY-R,-160,-160,8.5,7.5
920,PIT,JMUSGROVE-R,140,150,8.5,7.5
920,TAM,UNDECIDED,-180,-152,9,8.5
920,BAL,JMEANS-L,155,142,9,8.5
920,CWS,DCEASE-R,-120,120,9,9.5
920,CIN,MLORENZEN,100,-130,9,9.5
920,ATL,KWRIGHT-R,-101,108,10,9.5
920,NYM,RPORCELLO-R,-119,-118,10,9.5
920,CLE,CCARRASCO-R,-200,-194,8,7.5
920,DET,MBOYD-L,170,177,8,7.5
920,WAS,MSCHERZER-R,-160,-140,6,6
920,MIA,UNDECIDED,140,130,6,6
920,NYY,DGARCIA-R,-170,-196,10,9
920,BOS,THOUCK,148,178,10,9
920,KAN,BKELLER-R,120,145,8.5,8.5
920,MIL,JLINDBLOM-R,-140,-155,8.5,8.5
920,ARI,MBUMGARNER-L,170,180,9.5,9.5
920,HOU,JURQUIDY-R,-200,-200,9.5,9.5
920,MIN,JBERRIOS-R,140,143,7.5,7.5
920,CUB,YDARVISH-R,-160,-153,7.5,7.5
920,LAD,TGONSOLIN-R,-190,-200,12.5,12
920,COL,ASENZATELA-R,163,180,12.5,12
920,SFO,TANDERSON-L,125,162,8.5,9
920,OAK,MMINOR-L,-145,-174,8.5,9
920,SDG,DLAMET-R,-220,-280,8,8.5
920,SEA,JDUNN-R,184,245,8,8.5
920,TEX,KCODY-R,115,140,9.5,10
920,LAA,JTEHERAN-R,-135,-150,9.5,10
920,WAS,BBRAYMER-L,122,125,7,7
920,MIA,BGARRETT-L,-135,-135,7,7
921,TEX,KGIBSON-R,184,190,8.5,8.5
921,LAA,DBUNDY-R,-220,-210,8.5,8.5
921,PHI,ZWHEELER-R,-145,-155,9,8.5
921,WAS,ASANCHEZ-R,125,145,9,8.5
921,CWS,DDUNNING-R,-115,-101,8.5,8
921,CLE,ACIVALE-R,-105,-109,8.5,8
921,NYY,MKING-R,-140,-143,10.5,11
921,TOR,MSHOEMAKER-R,126,133,10.5,11
921,MIL,BWOODRUFF-R,110,114,7.5,7
921,CIN,LCASTILLO-R,-130,-124,7.5,7
921,CHC,JLESTER-L,-160,-146,9,8.5
921,PIT,JTBRUBAKER-R,140,136,9,8.5
921,MIA,TROGERS-L,148,151,9,9.5
921,ATL,HYNOA-R,-170,-161,9,9.5
921,TAM,PFAIRBANKS-R,192,165,7,7
921,NYM,JDEGROM-R,-230,-180,7,7
921,STL,AWAINWRIGHT-R,-145,-185,9,9
921,KAN,CHERNANDEZ-R,125,170,9,9
921,HOU,LMCCULLERSJR-R,-145,-124,8,8
921,SEA,MGONZALES-L,125,114,8,8
921,COL,GMARQUEZ-R,-105,108,8.5,8
921,SFO,JCUETO-R,-115,-118,8.5,8
922,PHI,ANOLA-R,-185,-200,6.5,6.5
922,WAS,AVOTH-R,160,180,6.5,6.5
922,CWS,RLOPEZ-R,188,112,7.5,9.5
922,CLE,CQUANTRILL-R,-225,-122,7.5,9.5
922,NYY,GCOLE-R,-245,-270,9.5,9.5
922,TOR,TROARK-R,203,240,9.5,9.5
922,MIL,BANDERSON-L,135,142,8,9
922,CIN,SGRAY-R,-155,-152,8,9
922,CUB,JQUINTANA-L,-145,-155,8.5,8.5
922,PIT,SBRAULT-L,131,145,8.5,8.5
922,MIA,JURENA-R,172,150,9,10.5
922,ATL,BWILSON-R,-205,-160,9,10.5
922,TAM,BSNELL-L,-135,-135,7.5,7.5
922,NYM,SLUGO-R,115,125,7.5,7.5
922,BAL,KAKIN-L,-115,101,10,9.5
922,BOS,NPIVETTA-R,-105,-111,10,9.5
922,DET,TSKUBAL-L,175,165,10.5,9
922,MIN,HBAILEY-R,-195,-180,10.5,9
922,STL,AGOMBER-L,-125,-103,9,8.5
922,KAN,BSINGER-R-R,105,-107,9,8.5
922,LAA,GCANNING-R,148,149,9,9
922,SDG,ZDAVIES-R,-170,-159,9,9
922,HOU,FVALDEZ-L,-170,-196,8.5,9
922,SEA,LNEWSOME-R,148,178,8.5,9
922,TEX,JLYLES-R,105,147,9,9.5
922,ARI,CSMITH-L,-125,-157,9,9.5
922,OAK,FMONTAS-R,170,163,9,9
922,LAD,DMAY-R,-200,-176,9,9
922,COL,KFREELAND-L,105,150,8,7.5
922,SFO,DSMYLY-L,-125,-160,8,7.5
922,PHI,DHALE-R,-122,-127,8,8
922,WAS,PESPINO-R,102,117,8,8
923,LAA,JBARRIA-R,160,152,8.5,8.5
923,SDG,MCLEVINGER-R,-185,-162,8.5,8.5
923,PHI,ZEFLIN-R,-125,-160,9.5,9.5
923,WAS,EFEDDE-R,105,150,9.5,9.5
923,CWS,LGIOLITO-R,135,154,7,6.5
923,CLE,SBIEBER-R,-155,-164,7,6.5
923,TEX,WBENJAMIN-L,135,139,9.5,9
923,ARI,AYOUNG-L,-150,-149,9.5,9
923,NYY,MTANAKA-R,-220,-215,10,10.5
923,TOR,RRAY-L,196,195,10,10.5
923,HOU,ZGREINKE-R,-170,-205,8.5,8.5
923,SEA,NMARGEVICIUS-L,148,185,8.5,8.5
923,MIL,AHOUSER-R,140,158,8,8.5
923,CIN,TBAUER-R,-160,-168,8,8.5
923,CUB,KHENDRICKS-R,-200,-240,8,8.5
923,PIT,TWILLIAMS-R,179,210,8,8.5
923,MIA,SSANCHEZ-R,157,158,8,8
923,ATL,MFRIED-L,-175,-168,8,8
923,TAM,TGLASNOW-R,-180,-145,8.5,8.5
923,NYM,MWACHA-R,162,135,8.5,8.5
923,BAL,DKREMER-R,120,155,9,9
923,BOS,NEOVALDI-R,-140,-165,9,9
923,DET,CMIZE-R,226,285,8,8
923,MIN,KMAEDA-R,-275,-330,8,8
923,STL,CMARTINEZ-R,-110,-127,9.5,9
923,KAN,DDUFFY-L,-110,117,9.5,9
923,OAK,SMANAEA-L,151,154,8.5,8.5
923,LAD,JKELLY-R,-175,-164,8.5,8.5
923,COL,RCASTELLANI-R,144,170,9,9
923,SFO,CBARAGAR-L,-165,-185,9,9
924,COL,CGONZALEZ-R,192,210,9,9
924,SFO,KGAUSMAN-R,-230,-240,9,9
924,NYM,DPETERSON-L,-120,118,9,9
924,WAS,PCORBIN-L,100,-128,9,9
924,CWS,DKEUCHEL-L,100,120,8,7.5
924,CLE,ZPLESAC-R,-120,-130,8,7.5
924,NYY,JMONTGOMERY-L,126,-113,10,9.5
924,TOR,HRYU-L,-140,103,10,9.5
924,CUB,AMILLS-R,-190,-157,9,9
924,PIT,CKUHL-R,163,147,9,9
924,MIA,PLOPEZ-R,163,154,9.5,9
924,ATL,IANDERSON-R,-190,-164,9.5,9
924,BAL,ACOBB-R,120,145,10,9.5
924,BOS,MPEREZ-L,-140,-155,10,9.5
924,DET,MFULMER-R,130,146,9.5,9
924,KAN,KBUBIC-L-L,-150,-156,9.5,9
924,HOU,CJAVIER-R,-140,-119,8,8
924,TEX,LLYNN-R,120,109,8,8
924,MIL,CBURNES-R,-120,-140,7.5,7
924,STL,KKIM-L,100,130,7.5,7
924,OAK,MFIERS-R,151,200,9,9
924,LAD,WBUEHLER-R,-175,-220,9,9
925,BAL,JLOPEZ-R,162,154,10,9.5
925,TOR,TWALKER-R,-180,-164,10,9.5
925,PHI,VVELASQUEZ-R,148,115,8.5,8.5
925,TAM,CMORTON-R,-170,-125,8.5,8.5
925,MIA,SALCANTARA-R,160,165,9.5,9.5
925,NYY,JHAPP-L,-185,-180,9.5,9.5
925,PIT,MKELLER-R,218,210,7.5,7.5
925,CLE,CCARRASCO-R,-265,-240,7.5,7.5
925,BOS,CMAZZA-R,140,156,10,9.5
925,ATL,KWRIGHT-R,-160,-166,10,9.5
925,HOU,JURQUIDY-R,-155,-165,8,9
925,TEX,KCODY-R,135,155,8,9
925,DET,STURNBULL-R,148,140,8,8.5
925,KAN,BKELLER-R,-170,-150,8,8.5
925,CUB,YDARVISH-R,-135,-166,8.5,8
925,CWS,DCEASE-R,115,156,8.5,8
925,CIN,TMAHLE-R,125,144,8.5,8.5
925,MIN,JBERRIOS-R,-145,-154,8.5,8.5
925,SEA,YKIKUCHI-L,172,190,8.5,7.5
925,OAK,CBASSITT-R,-205,-210,8.5,7.5
925,LAA,AHEANEY-L,199,190,8.5,8
925,LAD,CKERSHAW-L,-240,-210,8.5,8
925,COL,ASANTOS-R,135,125,7.5,7.5
925,ARI,TCLARKE-R,-150,-135,7.5,7.5
925,SDG,CPADDACK-R,-147,-150,6.5,6.5
925,SFO,TANDERSON-L,133,140,6.5,6.5
925,STL,JFLAHERTY-R,-119,-110,6,6
925,MIL,BSUTER-L,109,100,6,6
925,COL,ASENZATELA-R,157,156,6.5,6
925,ARI,ZGALLEN-R,-175,-166,6.5,6
925,SFO,JSAMARDZIJA-R,153,190,6.5,6.5
925,SDG,DLAMET-R,-170,-210,6.5,6.5
925,STL,DPONCEDELEON-R,100,-105,6.5,6.5
925,MIL,JLINDBLOM-R,-110,-105,6.5,6.5
926,MIA,TROGERS-L,163,205,9.5,9.5
926,NYY,DGARCIA-R,-190,-230,9.5,9.5
926,BAL,JMEANS-L,125,109,9.5,9
926,TOR,TZEUCH-R,-145,-119,9.5,9
926,PHI,ZWHEELER-R,-110,-108,8,7.5
926,TAM,JCURTISS-R,-110,-102,8,7.5
926,HOU,LMCCULLERSJR-R,-200,-138,9,9
926,TEX,KGIBSON-R,170,128,9,9
926,DET,MBOYD-L,110,115,9,9.5
926,KAN,CHERNANDEZ-R,-130,-125,9,9.5
926,PIT,JMUSGROVE-R,192,150,8,8
926,CLE,ACIVALE-R,-230,-160,8,8
926,BOS,THOUCK-R,110,140,9,9.5
926,ATL,TDAVIDSON-L,-130,-150,9,9.5
926,CUB,JLESTER-L,125,142,8.5,9.5
926,CWS,DDUNNING-R,-145,-152,8.5,9.5
926,CIN,LCASTILLO-R,125,110,8,7.5
926,MIN,MPINEDA-R,-145,-120,8,7.5
926,NYM,RPORCELLO-R,-225,-130,8.5,7
926,WAS,ASANCHEZ-R,188,120,8.5,7
926,MIL,BWOODRUFF-R,-110,-117,7.5,7.5
926,STL,AWAINWRIGHT-R,-110,107,7.5,7.5
926,COL,GMARQUEZ-R,151,-105,8.5,9
926,ARI,LWEAVER-R,-175,-105,8.5,9
926,LAA,JTEHERAN-R,151,260,8.5,9
926,LAD,TGONSOLIN-R,-175,-300,8.5,9
926,SDG,ZDAVIES-R,-126,-130,9,9
926,SFO,JCUETO-R,114,120,9,9
926,NYM,JDEGROM-R,144,-131,6,5
926,WAS,MSCHERZER-R,-160,121,6,5
926,SEA,JSHEFFIELD-L,-140,134,6,6
926,OAK,MMINOR-L,126,-144,6,6
926,OAK,PBLACKBURN-R,-140,-138,7,7
926,SEA,JDUNN-R,126,128,7,7
927,HOU,CDEJONG-R,-126,-124,9.5,9.5
927,TEX,JLYLES-R,114,114,9.5,9.5
927,DET,JZIMMERMANN-R,140,160,9,8
927,KAN,BSINGER-R-R,-160,-170,9,8
927,MIA,JURENA-R,148,162,9.5,9.5
927,NYY,CSCHMIDT-R,-170,-174,9.5,9.5
927,NYM,SLUGO-R,-150,-128,9,8.5
927,WAS,AVOTH-R,135,118,9,8.5
927,SDG,AMOREJON-L,131,109,9,8.5
927,SFO,DSMYLY-L,-145,-119,9,8.5
927,BAL,KAKIN-L,115,116,10.5,10
927,TOR,TROARK-R,-135,-126,10.5,10
927,CUB,AALZOLAY-R,110,140,10,9
927,CWS,RLOPEZ-R,-130,-150,10,9
927,PIT,JTBRUBAKER-R,175,136,8,8
927,CLE,CQUANTRILL-R,-195,-146,8,8
927,BOS,NPIVETTA-R,130,133,10,9.5
927,ATL,BWILSON-R,-150,-143,10,9.5
927,CIN,SGRAY-R,114,115,8.5,8
927,MIN,RHILL-L,-125,-125,8.5,8
927,SEA,MGONZALES-L,120,113,8.5,8
927,OAK,FMONTAS-R,-140,-123,8.5,8
927,LAA,PSANDOVAL-L,155,190,9,8.5
927,LAD,VGONZALEZ-L,-180,-210,9,8.5
927,COL,KFREELAND-L,-115,-102,9.5,9
927,ARI,MBUMGARNER-L,-105,-108,9.5,9
927,PHI,ANOLA-R,-150,-145,7.5,7.5
927,TAM,JFLEMING-L,135,135,7.5,7.5
927,MIL,BANDERSON-L,-114,-105,8,8
927,STL,AGOMBER-L,104,-105,8,8
929,NYY,GCOLE-R,-101,-118,6.5,6.5
929,CLE,SBIEBER-R,-109,108,6.5,6.5
929,HOU,ZGREINKE-R,135,150,8,7.5
929,MIN,KMAEDA-R,-150,-160,8,7.5
929,TOR,MSHOEMAKER-R,166,170,7.5,7.5
929,TAM,BSNELL-L,-185,-185,7.5,7.5
929,CWS,LGIOLITO-R,-131,-110,7.5,7.5
929,OAK,JLUZARDO-L,118,100,7.5,7.5
930,NYY,MTANAKA-R,-115,-135,8,8.5
930,CLE,CCARRASCO-R,105,125,8,8.5
930,HOU,JURQUIDY-R,126,143,7.5,8.5
930,MIN,JBERRIOS-R,-140,-153,7.5,8.5
930,TOR,HRYU-L,126,132,7,7
930,TAM,TGLASNOW-R,-140,-142,7,7
930,CWS,DKEUCHEL-L,113,123,7.5,7.5
930,OAK,CBASSITT-R,-124,-133,7.5,7.5
930,MIA,SALCANTARA-R,166,151,8,8.5
930,CUB,KHENDRICKS-R,-185,-161,8,8.5
930,STL,KKIM-L,166,156,7.5,8.5
930,SDG,CPADDACK-R,-185,-166,7.5,8.5
930,CIN,TBAUER-R,144,124,7,7.5
930,ATL,MFRIED-L,-160,-134,7,7.5
930,MIL,BSUTER-L,209,230,8,8
930,LAD,WBUEHLER-R,-235,-260,8,8
1001,MIL,BWOODRUFF-R,205,210,7.5,7
1001,LAD,CKERSHAW-L,-230,-240,7.5,7
1001,CIN,LCASTILLO-R,118,119,7.5,7.5
1001,ATL,IANDERSON-R,-130,-129,7.5,7.5
1001,CWS,DDUNNING-R,101,-115,8,8.5
1001,OAK,MFIERS-R,-111,105,8,8.5
1001,STL,AWAINWRIGHT-R,144,142,8.5,8.5
1001,SDG,ZDAVIES-R,-160,-152,8.5,8.5
1002,MIA,SSANCHEZ-R,179,178,7,7
1002,CUB,YDARVISH-R,-200,-196,7,7
1002,STL,JFLAHERTY-R,105,125,9,9
1002,SDG,CSTAMMEN-R,-115,-135,9,9
1005,NYY,GCOLE-R,-124,-150,7.5,7
1005,TAM,BSNELL-L,113,140,7.5,7
1005,HOU,LMCCULLERSJR-R,110,109,8,8.5
1005,OAK,CBASSITT-R,-121,-119,8,8.5
1006,NYY,DGARCIA-R,117,110,8,8.5
1006,TAM,TGLASNOW-R,-129,-120,8,8.5
1006,HOU,FVALDEZ-L,110,-108,9,9
1006,OAK,SMANAEA-L,-121,-102,9,9
1006,MIA,SALCANTARA-R,179,180,8,8
1006,ATL,MFRIED-L,-200,-200,8,8
1006,SDG,MCLEVINGER-R,149,154,8.5,9.5
1006,LAD,WBUEHLER-R,-165,-164,8.5,9.5
1007,TAM,CMORTON-R,110,128,9,9
1007,NYY,MTANAKA-R,-121,-138,9,9
1007,OAK,JLUZARDO-L,118,-105,9,9
1007,HOU,JURQUIDY-R,-131,-105,9,9
1007,MIA,PLOPEZ-R,183,175,8.5,8.5
1007,ATL,IANDERSON-R,-205,-190,8.5,8.5
1007,SDG,ZDAVIES-R,179,200,8.5,8
1007,LAD,CKERSHAW-L,-200,-220,8.5,8
1008,ATL,KWRIGHT-R,-131,-126,8.5,9
1008,MIA,SSANCHEZ-R,118,116,8.5,9
1008,OAK,FMONTAS-R,101,-105,9.5,9.5
1008,HOU,ZGREINKE-R,-111,-105,9.5,9.5
1008,TAM,RTHOMPSON-R,106,123,9,9
1008,NYY,JMONTGOMERY-L,-116,-133,9,9
1008,LAD,DMAY-R,-200,-160,9,9.5
1008,SDG,AMOREJON-L,179,150,9,9.5
1009,NYY,GCOLE-R,-150,-147,7,7.5
1009,TAM,TGLASNOW-R,135,137,7,7.5
1011,HOU,FVALDEZ-L,170,115,8.5,8
1011,TAM,BSNELL-L,-190,-125,8.5,8
1012,HOU,LMCCULLERSJR-R,170,101,8,8.5
1012,TAM,CMORTON-R,-190,-111,8,8.5
1012,ATL,MFRIED-L,135,135,8.5,8.5
1012,LAD,WBUEHLER-R,-150,-145,8.5,8.5
1013,TAM,RYARBROUGH-L,-101,-105,8,8.5
1013,HOU,JURQUIDY-R,-109,-105,8,8.5
1013,ATL,IANDERSON-R,140,127,7.5,8.5
1013,LAD,TGONSOLIN-R,-155,-137,7.5,8.5
1014,TAM,TGLASNOW-R,-145,-130,8,8.5
1014,HOU,ZGREINKE-R,131,120,8,8.5
1014,LOS,JURIAS-L,-165,-200,9,9.5
1014,ATL,KWRIGHT-R,149,180,9,9.5
1015,TAM,JCURTISS-R,-131,-134,8.5,9
1015,HOU,LGARCIA-R,111,124,8.5,9
1015,LAD,CKERSHAW-L,-200,-210,9.5,9
1015,ATL,BWILSON-R,170,190,9.5,9
1016,HOU,FVALDEZ-L,109,120,8,8
1016,TAM,BSNELL-L,-129,-130,8,8
1016,LAD,DMAY-R,-215,-180,9,9
1016,ATL,AMINTER-L,180,165,9,9
1017,ATL,MFRIED-L,135,138,8,8.5
1017,LAD,WBUEHLER-R,-150,-148,8,8.5
1017,HOU,LMCCULLERSJR-R,109,105,8,7.5
1017,TAM,CMORTON-R,-119,-115,8,7.5
1018,ATL,IANDERSON-R,111,140,8,8.5
1018,LAD,DMAY-R,-131,-150,8,8.5
1020,TAM,TGLASNOW-R,140,145,8,7.5
1020,LAD,CKERSHAW-L,-160,-155,8,7.5
1021,TAM,BSNELL-L,130,111,8,8
1021,LAD,TGONSOLIN-R,-150,-121,8,8
1023,LAD,WBUEHLER-R,-150,-155,8,7.5
1023,TAM,CMORTON-R,135,145,8,7.5
1024,LAD,JURIAS-L,-160,-158,8,8
1024,TAM,RYARBROUGH-L,144,148,8,8
1025,LAD,CKERSHAW-L,-155,-160,7.5,8
1025,TAM,TGLASNOW-R,140,150,7.5,8
,,,,,,
,,,,,,
